date,ID,주소,연락처,meter
2023-01-01,1,서울시 서초구 바우뫼로 38,010-1234-5678,38
2023-01-02,1,서울시 서초구 바우뫼로 38,010-1234-5678,86
2023-01-03,1,서울시 서초구 바우뫼로 38,010-1234-5678,2
2023-01-04,1,서울시 서초구 바우뫼로 38,010-1234-5678,13
2023-01-05,1,서울시 서초구 바우뫼로 38,010-1234-5678,46
2023-01-06,1,서울시 서초구 바우뫼로 38,010-1234-5678,30
2023-01-07,1,서울시 서초구 바우뫼로 38,010-1234-5678,83
2023-01-08,1,서울시 서초구 바우뫼로 38,010-1234-5678,18
2023-01-09,1,서울시 서초구 바우뫼로 38,010-1234-5678,61
2023-01-10,1,서울시 서초구 바우뫼로 38,010-1234-5678,45
2023-01-11,1,서울시 서초구 바우뫼로 38,010-1234-5678,48
2023-01-12,1,서울시 서초구 바우뫼로 38,010-1234-5678,90
2023-01-13,1,서울시 서초구 바우뫼로 38,010-1234-5678,58
2023-01-14,1,서울시 서초구 바우뫼로 38,010-1234-5678,60
2023-01-15,1,서울시 서초구 바우뫼로 38,010-1234-5678,42
2023-01-16,1,서울시 서초구 바우뫼로 38,010-1234-5678,5
2023-01-17,1,서울시 서초구 바우뫼로 38,010-1234-5678,53
2023-01-18,1,서울시 서초구 바우뫼로 38,010-1234-5678,77
2023-01-19,1,서울시 서초구 바우뫼로 38,010-1234-5678,49
2023-01-20,1,서울시 서초구 바우뫼로 38,010-1234-5678,96
2023-01-21,1,서울시 서초구 바우뫼로 38,010-1234-5678,65
2023-01-22,1,서울시 서초구 바우뫼로 38,010-1234-5678,44
2023-01-23,1,서울시 서초구 바우뫼로 38,010-1234-5678,73
2023-01-24,1,서울시 서초구 바우뫼로 38,010-1234-5678,52
2023-01-25,1,서울시 서초구 바우뫼로 38,010-1234-5678,68
2023-01-26,1,서울시 서초구 바우뫼로 38,010-1234-5678,65
2023-01-27,1,서울시 서초구 바우뫼로 38,010-1234-5678,26
2023-01-28,1,서울시 서초구 바우뫼로 38,010-1234-5678,36
2023-01-29,1,서울시 서초구 바우뫼로 38,010-1234-5678,73
2023-01-30,1,서울시 서초구 바우뫼로 38,010-1234-5678,8
2023-01-31,1,서울시 서초구 바우뫼로 38,010-1234-5678,57
2023-02-01,1,서울시 서초구 바우뫼로 38,010-1234-5678,48
2023-02-02,1,서울시 서초구 바우뫼로 38,010-1234-5678,12
2023-02-03,1,서울시 서초구 바우뫼로 38,010-1234-5678,82
2023-02-04,1,서울시 서초구 바우뫼로 38,010-1234-5678,62
2023-02-05,1,서울시 서초구 바우뫼로 38,010-1234-5678,0
2023-02-06,1,서울시 서초구 바우뫼로 38,010-1234-5678,87
2023-02-07,1,서울시 서초구 바우뫼로 38,010-1234-5678,92
2023-02-08,1,서울시 서초구 바우뫼로 38,010-1234-5678,74
2023-02-09,1,서울시 서초구 바우뫼로 38,010-1234-5678,54
2023-02-10,1,서울시 서초구 바우뫼로 38,010-1234-5678,83
2023-02-11,1,서울시 서초구 바우뫼로 38,010-1234-5678,82
2023-02-12,1,서울시 서초구 바우뫼로 38,010-1234-5678,42
2023-02-13,1,서울시 서초구 바우뫼로 38,010-1234-5678,36
2023-02-14,1,서울시 서초구 바우뫼로 38,010-1234-5678,52
2023-02-15,1,서울시 서초구 바우뫼로 38,010-1234-5678,10
2023-02-16,1,서울시 서초구 바우뫼로 38,010-1234-5678,76
2023-02-17,1,서울시 서초구 바우뫼로 38,010-1234-5678,95
2023-02-18,1,서울시 서초구 바우뫼로 38,010-1234-5678,38
2023-02-19,1,서울시 서초구 바우뫼로 38,010-1234-5678,52
2023-02-20,1,서울시 서초구 바우뫼로 38,010-1234-5678,67
2023-02-21,1,서울시 서초구 바우뫼로 38,010-1234-5678,31
2023-02-22,1,서울시 서초구 바우뫼로 38,010-1234-5678,4
2023-02-23,1,서울시 서초구 바우뫼로 38,010-1234-5678,8
2023-02-24,1,서울시 서초구 바우뫼로 38,010-1234-5678,25
2023-02-25,1,서울시 서초구 바우뫼로 38,010-1234-5678,67
2023-02-26,1,서울시 서초구 바우뫼로 38,010-1234-5678,33
2023-02-27,1,서울시 서초구 바우뫼로 38,010-1234-5678,24
2023-02-28,1,서울시 서초구 바우뫼로 38,010-1234-5678,26
2023-03-01,1,서울시 서초구 바우뫼로 38,010-1234-5678,14
2023-03-02,1,서울시 서초구 바우뫼로 38,010-1234-5678,65
2023-03-03,1,서울시 서초구 바우뫼로 38,010-1234-5678,4
2023-03-04,1,서울시 서초구 바우뫼로 38,010-1234-5678,48
2023-03-05,1,서울시 서초구 바우뫼로 38,010-1234-5678,75
2023-03-06,1,서울시 서초구 바우뫼로 38,010-1234-5678,58
2023-03-07,1,서울시 서초구 바우뫼로 38,010-1234-5678,39
2023-03-08,1,서울시 서초구 바우뫼로 38,010-1234-5678,64
2023-03-09,1,서울시 서초구 바우뫼로 38,010-1234-5678,63
2023-03-10,1,서울시 서초구 바우뫼로 38,010-1234-5678,68
2023-03-11,1,서울시 서초구 바우뫼로 38,010-1234-5678,11
2023-03-12,1,서울시 서초구 바우뫼로 38,010-1234-5678,31
2023-03-13,1,서울시 서초구 바우뫼로 38,010-1234-5678,57
2023-03-14,1,서울시 서초구 바우뫼로 38,010-1234-5678,8
2023-03-15,1,서울시 서초구 바우뫼로 38,010-1234-5678,73
2023-03-16,1,서울시 서초구 바우뫼로 38,010-1234-5678,53
2023-03-17,1,서울시 서초구 바우뫼로 38,010-1234-5678,15
2023-03-18,1,서울시 서초구 바우뫼로 38,010-1234-5678,5
2023-03-19,1,서울시 서초구 바우뫼로 38,010-1234-5678,68
2023-03-20,1,서울시 서초구 바우뫼로 38,010-1234-5678,99
2023-03-21,1,서울시 서초구 바우뫼로 38,010-1234-5678,17
2023-03-22,1,서울시 서초구 바우뫼로 38,010-1234-5678,69
2023-03-23,1,서울시 서초구 바우뫼로 38,010-1234-5678,37
2023-03-24,1,서울시 서초구 바우뫼로 38,010-1234-5678,6
2023-03-25,1,서울시 서초구 바우뫼로 38,010-1234-5678,49
2023-03-26,1,서울시 서초구 바우뫼로 38,010-1234-5678,3
2023-03-27,1,서울시 서초구 바우뫼로 38,010-1234-5678,27
2023-03-28,1,서울시 서초구 바우뫼로 38,010-1234-5678,43
2023-03-29,1,서울시 서초구 바우뫼로 38,010-1234-5678,68
2023-03-30,1,서울시 서초구 바우뫼로 38,010-1234-5678,61
2023-03-31,1,서울시 서초구 바우뫼로 38,010-1234-5678,4
2023-04-01,1,서울시 서초구 바우뫼로 38,010-1234-5678,28
2023-04-02,1,서울시 서초구 바우뫼로 38,010-1234-5678,74
2023-04-03,1,서울시 서초구 바우뫼로 38,010-1234-5678,49
2023-04-04,1,서울시 서초구 바우뫼로 38,010-1234-5678,94
2023-04-05,1,서울시 서초구 바우뫼로 38,010-1234-5678,83
2023-04-06,1,서울시 서초구 바우뫼로 38,010-1234-5678,75
2023-04-07,1,서울시 서초구 바우뫼로 38,010-1234-5678,17
2023-04-08,1,서울시 서초구 바우뫼로 38,010-1234-5678,72
2023-04-09,1,서울시 서초구 바우뫼로 38,010-1234-5678,29
2023-04-10,1,서울시 서초구 바우뫼로 38,010-1234-5678,52
2023-04-11,1,서울시 서초구 바우뫼로 38,010-1234-5678,52
2023-04-12,1,서울시 서초구 바우뫼로 38,010-1234-5678,27
2023-04-13,1,서울시 서초구 바우뫼로 38,010-1234-5678,68
2023-04-14,1,서울시 서초구 바우뫼로 38,010-1234-5678,8
2023-04-15,1,서울시 서초구 바우뫼로 38,010-1234-5678,18
2023-04-16,1,서울시 서초구 바우뫼로 38,010-1234-5678,77
2023-04-17,1,서울시 서초구 바우뫼로 38,010-1234-5678,51
2023-04-18,1,서울시 서초구 바우뫼로 38,010-1234-5678,31
2023-04-19,1,서울시 서초구 바우뫼로 38,010-1234-5678,63
2023-04-20,1,서울시 서초구 바우뫼로 38,010-1234-5678,94
2023-04-21,1,서울시 서초구 바우뫼로 38,010-1234-5678,16
2023-04-22,1,서울시 서초구 바우뫼로 38,010-1234-5678,32
2023-04-23,1,서울시 서초구 바우뫼로 38,010-1234-5678,67
2023-04-24,1,서울시 서초구 바우뫼로 38,010-1234-5678,37
2023-04-25,1,서울시 서초구 바우뫼로 38,010-1234-5678,22
2023-04-26,1,서울시 서초구 바우뫼로 38,010-1234-5678,53
2023-04-27,1,서울시 서초구 바우뫼로 38,010-1234-5678,48
2023-04-28,1,서울시 서초구 바우뫼로 38,010-1234-5678,51
2023-04-29,1,서울시 서초구 바우뫼로 38,010-1234-5678,61
2023-04-30,1,서울시 서초구 바우뫼로 38,010-1234-5678,28
2023-05-01,1,서울시 서초구 바우뫼로 38,010-1234-5678,89
2023-05-02,1,서울시 서초구 바우뫼로 38,010-1234-5678,31
2023-05-03,1,서울시 서초구 바우뫼로 38,010-1234-5678,31
2023-05-04,1,서울시 서초구 바우뫼로 38,010-1234-5678,79
2023-05-05,1,서울시 서초구 바우뫼로 38,010-1234-5678,25
2023-05-06,1,서울시 서초구 바우뫼로 38,010-1234-5678,10
2023-05-07,1,서울시 서초구 바우뫼로 38,010-1234-5678,73
2023-05-08,1,서울시 서초구 바우뫼로 38,010-1234-5678,38
2023-05-09,1,서울시 서초구 바우뫼로 38,010-1234-5678,28
2023-05-10,1,서울시 서초구 바우뫼로 38,010-1234-5678,32
2023-05-11,1,서울시 서초구 바우뫼로 38,010-1234-5678,93
2023-05-12,1,서울시 서초구 바우뫼로 38,010-1234-5678,76
2023-05-13,1,서울시 서초구 바우뫼로 38,010-1234-5678,96
2023-05-14,1,서울시 서초구 바우뫼로 38,010-1234-5678,18
2023-05-15,1,서울시 서초구 바우뫼로 38,010-1234-5678,86
2023-05-16,1,서울시 서초구 바우뫼로 38,010-1234-5678,47
2023-05-17,1,서울시 서초구 바우뫼로 38,010-1234-5678,72
2023-05-18,1,서울시 서초구 바우뫼로 38,010-1234-5678,89
2023-05-19,1,서울시 서초구 바우뫼로 38,010-1234-5678,94
2023-05-20,1,서울시 서초구 바우뫼로 38,010-1234-5678,64
2023-05-21,1,서울시 서초구 바우뫼로 38,010-1234-5678,21
2023-05-22,1,서울시 서초구 바우뫼로 38,010-1234-5678,64
2023-05-23,1,서울시 서초구 바우뫼로 38,010-1234-5678,98
2023-05-24,1,서울시 서초구 바우뫼로 38,010-1234-5678,59
2023-05-25,1,서울시 서초구 바우뫼로 38,010-1234-5678,50
2023-05-26,1,서울시 서초구 바우뫼로 38,010-1234-5678,6
2023-05-27,1,서울시 서초구 바우뫼로 38,010-1234-5678,23
2023-05-28,1,서울시 서초구 바우뫼로 38,010-1234-5678,44
2023-05-29,1,서울시 서초구 바우뫼로 38,010-1234-5678,90
2023-05-30,1,서울시 서초구 바우뫼로 38,010-1234-5678,6
2023-05-31,1,서울시 서초구 바우뫼로 38,010-1234-5678,85
2023-06-01,1,서울시 서초구 바우뫼로 38,010-1234-5678,16
2023-06-02,1,서울시 서초구 바우뫼로 38,010-1234-5678,36
2023-06-03,1,서울시 서초구 바우뫼로 38,010-1234-5678,48
2023-06-04,1,서울시 서초구 바우뫼로 38,010-1234-5678,51
2023-06-05,1,서울시 서초구 바우뫼로 38,010-1234-5678,96
2023-06-06,1,서울시 서초구 바우뫼로 38,010-1234-5678,31
2023-06-07,1,서울시 서초구 바우뫼로 38,010-1234-5678,12
2023-06-08,1,서울시 서초구 바우뫼로 38,010-1234-5678,79
2023-06-09,1,서울시 서초구 바우뫼로 38,010-1234-5678,70
2023-06-10,1,서울시 서초구 바우뫼로 38,010-1234-5678,12
2023-06-11,1,서울시 서초구 바우뫼로 38,010-1234-5678,95
2023-06-12,1,서울시 서초구 바우뫼로 38,010-1234-5678,86
2023-06-13,1,서울시 서초구 바우뫼로 38,010-1234-5678,15
2023-06-14,1,서울시 서초구 바우뫼로 38,010-1234-5678,64
2023-06-15,1,서울시 서초구 바우뫼로 38,010-1234-5678,6
2023-06-16,1,서울시 서초구 바우뫼로 38,010-1234-5678,80
2023-06-17,1,서울시 서초구 바우뫼로 38,010-1234-5678,87
2023-06-18,1,서울시 서초구 바우뫼로 38,010-1234-5678,31
2023-06-19,1,서울시 서초구 바우뫼로 38,010-1234-5678,34
2023-06-20,1,서울시 서초구 바우뫼로 38,010-1234-5678,81
2023-06-21,1,서울시 서초구 바우뫼로 38,010-1234-5678,45
2023-06-22,1,서울시 서초구 바우뫼로 38,010-1234-5678,39
2023-06-23,1,서울시 서초구 바우뫼로 38,010-1234-5678,24
2023-06-24,1,서울시 서초구 바우뫼로 38,010-1234-5678,89
2023-06-25,1,서울시 서초구 바우뫼로 38,010-1234-5678,46
2023-06-26,1,서울시 서초구 바우뫼로 38,010-1234-5678,75
2023-06-27,1,서울시 서초구 바우뫼로 38,010-1234-5678,90
2023-06-28,1,서울시 서초구 바우뫼로 38,010-1234-5678,21
2023-06-29,1,서울시 서초구 바우뫼로 38,010-1234-5678,82
2023-06-30,1,서울시 서초구 바우뫼로 38,010-1234-5678,42
2023-01-01,2,서울시 서초구 바우뫼로 38,010-1234-5678,13
2023-01-02,2,서울시 서초구 바우뫼로 38,010-1234-5678,58
2023-01-03,2,서울시 서초구 바우뫼로 38,010-1234-5678,74
2023-01-04,2,서울시 서초구 바우뫼로 38,010-1234-5678,67
2023-01-05,2,서울시 서초구 바우뫼로 38,010-1234-5678,39
2023-01-06,2,서울시 서초구 바우뫼로 38,010-1234-5678,63
2023-01-07,2,서울시 서초구 바우뫼로 38,010-1234-5678,3
2023-01-08,2,서울시 서초구 바우뫼로 38,010-1234-5678,32
2023-01-09,2,서울시 서초구 바우뫼로 38,010-1234-5678,79
2023-01-10,2,서울시 서초구 바우뫼로 38,010-1234-5678,10
2023-01-11,2,서울시 서초구 바우뫼로 38,010-1234-5678,59
2023-01-12,2,서울시 서초구 바우뫼로 38,010-1234-5678,42
2023-01-13,2,서울시 서초구 바우뫼로 38,010-1234-5678,41
2023-01-14,2,서울시 서초구 바우뫼로 38,010-1234-5678,41
2023-01-15,2,서울시 서초구 바우뫼로 38,010-1234-5678,39
2023-01-16,2,서울시 서초구 바우뫼로 38,010-1234-5678,37
2023-01-17,2,서울시 서초구 바우뫼로 38,010-1234-5678,78
2023-01-18,2,서울시 서초구 바우뫼로 38,010-1234-5678,65
2023-01-19,2,서울시 서초구 바우뫼로 38,010-1234-5678,68
2023-01-20,2,서울시 서초구 바우뫼로 38,010-1234-5678,80
2023-01-21,2,서울시 서초구 바우뫼로 38,010-1234-5678,22
2023-01-22,2,서울시 서초구 바우뫼로 38,010-1234-5678,89
2023-01-23,2,서울시 서초구 바우뫼로 38,010-1234-5678,13
2023-01-24,2,서울시 서초구 바우뫼로 38,010-1234-5678,66
2023-01-25,2,서울시 서초구 바우뫼로 38,010-1234-5678,65
2023-01-26,2,서울시 서초구 바우뫼로 38,010-1234-5678,49
2023-01-27,2,서울시 서초구 바우뫼로 38,010-1234-5678,80
2023-01-28,2,서울시 서초구 바우뫼로 38,010-1234-5678,2
2023-01-29,2,서울시 서초구 바우뫼로 38,010-1234-5678,25
2023-01-30,2,서울시 서초구 바우뫼로 38,010-1234-5678,3
2023-01-31,2,서울시 서초구 바우뫼로 38,010-1234-5678,83
2023-02-01,2,서울시 서초구 바우뫼로 38,010-1234-5678,49
2023-02-02,2,서울시 서초구 바우뫼로 38,010-1234-5678,78
2023-02-03,2,서울시 서초구 바우뫼로 38,010-1234-5678,6
2023-02-04,2,서울시 서초구 바우뫼로 38,010-1234-5678,51
2023-02-05,2,서울시 서초구 바우뫼로 38,010-1234-5678,2
2023-02-06,2,서울시 서초구 바우뫼로 38,010-1234-5678,0
2023-02-07,2,서울시 서초구 바우뫼로 38,010-1234-5678,95
2023-02-08,2,서울시 서초구 바우뫼로 38,010-1234-5678,17
2023-02-09,2,서울시 서초구 바우뫼로 38,010-1234-5678,77
2023-02-10,2,서울시 서초구 바우뫼로 38,010-1234-5678,48
2023-02-11,2,서울시 서초구 바우뫼로 38,010-1234-5678,34
2023-02-12,2,서울시 서초구 바우뫼로 38,010-1234-5678,60
2023-02-13,2,서울시 서초구 바우뫼로 38,010-1234-5678,61
2023-02-14,2,서울시 서초구 바우뫼로 38,010-1234-5678,50
2023-02-15,2,서울시 서초구 바우뫼로 38,010-1234-5678,51
2023-02-16,2,서울시 서초구 바우뫼로 38,010-1234-5678,80
2023-02-17,2,서울시 서초구 바우뫼로 38,010-1234-5678,62
2023-02-18,2,서울시 서초구 바우뫼로 38,010-1234-5678,6
2023-02-19,2,서울시 서초구 바우뫼로 38,010-1234-5678,82
2023-02-20,2,서울시 서초구 바우뫼로 38,010-1234-5678,45
2023-02-21,2,서울시 서초구 바우뫼로 38,010-1234-5678,94
2023-02-22,2,서울시 서초구 바우뫼로 38,010-1234-5678,58
2023-02-23,2,서울시 서초구 바우뫼로 38,010-1234-5678,67
2023-02-24,2,서울시 서초구 바우뫼로 38,010-1234-5678,72
2023-02-25,2,서울시 서초구 바우뫼로 38,010-1234-5678,93
2023-02-26,2,서울시 서초구 바우뫼로 38,010-1234-5678,65
2023-02-27,2,서울시 서초구 바우뫼로 38,010-1234-5678,63
2023-02-28,2,서울시 서초구 바우뫼로 38,010-1234-5678,92
2023-03-01,2,서울시 서초구 바우뫼로 38,010-1234-5678,8
2023-03-02,2,서울시 서초구 바우뫼로 38,010-1234-5678,6
2023-03-03,2,서울시 서초구 바우뫼로 38,010-1234-5678,86
2023-03-04,2,서울시 서초구 바우뫼로 38,010-1234-5678,45
2023-03-05,2,서울시 서초구 바우뫼로 38,010-1234-5678,64
2023-03-06,2,서울시 서초구 바우뫼로 38,010-1234-5678,13
2023-03-07,2,서울시 서초구 바우뫼로 38,010-1234-5678,25
2023-03-08,2,서울시 서초구 바우뫼로 38,010-1234-5678,27
2023-03-09,2,서울시 서초구 바우뫼로 38,010-1234-5678,68
2023-03-10,2,서울시 서초구 바우뫼로 38,010-1234-5678,64
2023-03-11,2,서울시 서초구 바우뫼로 38,010-1234-5678,80
2023-03-12,2,서울시 서초구 바우뫼로 38,010-1234-5678,18
2023-03-13,2,서울시 서초구 바우뫼로 38,010-1234-5678,45
2023-03-14,2,서울시 서초구 바우뫼로 38,010-1234-5678,61
2023-03-15,2,서울시 서초구 바우뫼로 38,010-1234-5678,74
2023-03-16,2,서울시 서초구 바우뫼로 38,010-1234-5678,76
2023-03-17,2,서울시 서초구 바우뫼로 38,010-1234-5678,69
2023-03-18,2,서울시 서초구 바우뫼로 38,010-1234-5678,14
2023-03-19,2,서울시 서초구 바우뫼로 38,010-1234-5678,27
2023-03-20,2,서울시 서초구 바우뫼로 38,010-1234-5678,30
2023-03-21,2,서울시 서초구 바우뫼로 38,010-1234-5678,36
2023-03-22,2,서울시 서초구 바우뫼로 38,010-1234-5678,54
2023-03-23,2,서울시 서초구 바우뫼로 38,010-1234-5678,89
2023-03-24,2,서울시 서초구 바우뫼로 38,010-1234-5678,15
2023-03-25,2,서울시 서초구 바우뫼로 38,010-1234-5678,47
2023-03-26,2,서울시 서초구 바우뫼로 38,010-1234-5678,42
2023-03-27,2,서울시 서초구 바우뫼로 38,010-1234-5678,79
2023-03-28,2,서울시 서초구 바우뫼로 38,010-1234-5678,70
2023-03-29,2,서울시 서초구 바우뫼로 38,010-1234-5678,42
2023-03-30,2,서울시 서초구 바우뫼로 38,010-1234-5678,27
2023-03-31,2,서울시 서초구 바우뫼로 38,010-1234-5678,42
2023-04-01,2,서울시 서초구 바우뫼로 38,010-1234-5678,16
2023-04-02,2,서울시 서초구 바우뫼로 38,010-1234-5678,39
2023-04-03,2,서울시 서초구 바우뫼로 38,010-1234-5678,62
2023-04-04,2,서울시 서초구 바우뫼로 38,010-1234-5678,71
2023-04-05,2,서울시 서초구 바우뫼로 38,010-1234-5678,99
2023-04-06,2,서울시 서초구 바우뫼로 38,010-1234-5678,82
2023-04-07,2,서울시 서초구 바우뫼로 38,010-1234-5678,73
2023-04-08,2,서울시 서초구 바우뫼로 38,010-1234-5678,90
2023-04-09,2,서울시 서초구 바우뫼로 38,010-1234-5678,50
2023-04-10,2,서울시 서초구 바우뫼로 38,010-1234-5678,2
2023-04-11,2,서울시 서초구 바우뫼로 38,010-1234-5678,32
2023-04-12,2,서울시 서초구 바우뫼로 38,010-1234-5678,94
2023-04-13,2,서울시 서초구 바우뫼로 38,010-1234-5678,31
2023-04-14,2,서울시 서초구 바우뫼로 38,010-1234-5678,68
2023-04-15,2,서울시 서초구 바우뫼로 38,010-1234-5678,24
2023-04-16,2,서울시 서초구 바우뫼로 38,010-1234-5678,7
2023-04-17,2,서울시 서초구 바우뫼로 38,010-1234-5678,19
2023-04-18,2,서울시 서초구 바우뫼로 38,010-1234-5678,70
2023-04-19,2,서울시 서초구 바우뫼로 38,010-1234-5678,93
2023-04-20,2,서울시 서초구 바우뫼로 38,010-1234-5678,48
2023-04-21,2,서울시 서초구 바우뫼로 38,010-1234-5678,41
2023-04-22,2,서울시 서초구 바우뫼로 38,010-1234-5678,87
2023-04-23,2,서울시 서초구 바우뫼로 38,010-1234-5678,12
2023-04-24,2,서울시 서초구 바우뫼로 38,010-1234-5678,84
2023-04-25,2,서울시 서초구 바우뫼로 38,010-1234-5678,97
2023-04-26,2,서울시 서초구 바우뫼로 38,010-1234-5678,22
2023-04-27,2,서울시 서초구 바우뫼로 38,010-1234-5678,70
2023-04-28,2,서울시 서초구 바우뫼로 38,010-1234-5678,24
2023-04-29,2,서울시 서초구 바우뫼로 38,010-1234-5678,84
2023-04-30,2,서울시 서초구 바우뫼로 38,010-1234-5678,3
2023-05-01,2,서울시 서초구 바우뫼로 38,010-1234-5678,94
2023-05-02,2,서울시 서초구 바우뫼로 38,010-1234-5678,0
2023-05-03,2,서울시 서초구 바우뫼로 38,010-1234-5678,86
2023-05-04,2,서울시 서초구 바우뫼로 38,010-1234-5678,6
2023-05-05,2,서울시 서초구 바우뫼로 38,010-1234-5678,62
2023-05-06,2,서울시 서초구 바우뫼로 38,010-1234-5678,67
2023-05-07,2,서울시 서초구 바우뫼로 38,010-1234-5678,6
2023-05-08,2,서울시 서초구 바우뫼로 38,010-1234-5678,26
2023-05-09,2,서울시 서초구 바우뫼로 38,010-1234-5678,84
2023-05-10,2,서울시 서초구 바우뫼로 38,010-1234-5678,47
2023-05-11,2,서울시 서초구 바우뫼로 38,010-1234-5678,13
2023-05-12,2,서울시 서초구 바우뫼로 38,010-1234-5678,54
2023-05-13,2,서울시 서초구 바우뫼로 38,010-1234-5678,28
2023-05-14,2,서울시 서초구 바우뫼로 38,010-1234-5678,72
2023-05-15,2,서울시 서초구 바우뫼로 38,010-1234-5678,18
2023-05-16,2,서울시 서초구 바우뫼로 38,010-1234-5678,39
2023-05-17,2,서울시 서초구 바우뫼로 38,010-1234-5678,80
2023-05-18,2,서울시 서초구 바우뫼로 38,010-1234-5678,73
2023-05-19,2,서울시 서초구 바우뫼로 38,010-1234-5678,12
2023-05-20,2,서울시 서초구 바우뫼로 38,010-1234-5678,80
2023-05-21,2,서울시 서초구 바우뫼로 38,010-1234-5678,34
2023-05-22,2,서울시 서초구 바우뫼로 38,010-1234-5678,13
2023-05-23,2,서울시 서초구 바우뫼로 38,010-1234-5678,21
2023-05-24,2,서울시 서초구 바우뫼로 38,010-1234-5678,60
2023-05-25,2,서울시 서초구 바우뫼로 38,010-1234-5678,32
2023-05-26,2,서울시 서초구 바우뫼로 38,010-1234-5678,78
2023-05-27,2,서울시 서초구 바우뫼로 38,010-1234-5678,10
2023-05-28,2,서울시 서초구 바우뫼로 38,010-1234-5678,63
2023-05-29,2,서울시 서초구 바우뫼로 38,010-1234-5678,71
2023-05-30,2,서울시 서초구 바우뫼로 38,010-1234-5678,7
2023-05-31,2,서울시 서초구 바우뫼로 38,010-1234-5678,15
2023-06-01,2,서울시 서초구 바우뫼로 38,010-1234-5678,45
2023-06-02,2,서울시 서초구 바우뫼로 38,010-1234-5678,39
2023-06-03,2,서울시 서초구 바우뫼로 38,010-1234-5678,70
2023-06-04,2,서울시 서초구 바우뫼로 38,010-1234-5678,89
2023-06-05,2,서울시 서초구 바우뫼로 38,010-1234-5678,88
2023-06-06,2,서울시 서초구 바우뫼로 38,010-1234-5678,20
2023-06-07,2,서울시 서초구 바우뫼로 38,010-1234-5678,86
2023-06-08,2,서울시 서초구 바우뫼로 38,010-1234-5678,35
2023-06-09,2,서울시 서초구 바우뫼로 38,010-1234-5678,97
2023-06-10,2,서울시 서초구 바우뫼로 38,010-1234-5678,70
2023-06-11,2,서울시 서초구 바우뫼로 38,010-1234-5678,29
2023-06-12,2,서울시 서초구 바우뫼로 38,010-1234-5678,24
2023-06-13,2,서울시 서초구 바우뫼로 38,010-1234-5678,44
2023-06-14,2,서울시 서초구 바우뫼로 38,010-1234-5678,58
2023-06-15,2,서울시 서초구 바우뫼로 38,010-1234-5678,59
2023-06-16,2,서울시 서초구 바우뫼로 38,010-1234-5678,77
2023-06-17,2,서울시 서초구 바우뫼로 38,010-1234-5678,89
2023-06-18,2,서울시 서초구 바우뫼로 38,010-1234-5678,56
2023-06-19,2,서울시 서초구 바우뫼로 38,010-1234-5678,79
2023-06-20,2,서울시 서초구 바우뫼로 38,010-1234-5678,33
2023-06-21,2,서울시 서초구 바우뫼로 38,010-1234-5678,96
2023-06-22,2,서울시 서초구 바우뫼로 38,010-1234-5678,18
2023-06-23,2,서울시 서초구 바우뫼로 38,010-1234-5678,14
2023-06-24,2,서울시 서초구 바우뫼로 38,010-1234-5678,3
2023-06-25,2,서울시 서초구 바우뫼로 38,010-1234-5678,14
2023-06-26,2,서울시 서초구 바우뫼로 38,010-1234-5678,67
2023-06-27,2,서울시 서초구 바우뫼로 38,010-1234-5678,35
2023-06-28,2,서울시 서초구 바우뫼로 38,010-1234-5678,20
2023-06-29,2,서울시 서초구 바우뫼로 38,010-1234-5678,78
2023-06-30,2,서울시 서초구 바우뫼로 38,010-1234-5678,51
2023-01-01,3,서울시 서초구 바우뫼로 38,010-1234-5678,69
2023-01-02,3,서울시 서초구 바우뫼로 38,010-1234-5678,53
2023-01-03,3,서울시 서초구 바우뫼로 38,010-1234-5678,70
2023-01-04,3,서울시 서초구 바우뫼로 38,010-1234-5678,91
2023-01-05,3,서울시 서초구 바우뫼로 38,010-1234-5678,88
2023-01-06,3,서울시 서초구 바우뫼로 38,010-1234-5678,40
2023-01-07,3,서울시 서초구 바우뫼로 38,010-1234-5678,87
2023-01-08,3,서울시 서초구 바우뫼로 38,010-1234-5678,79
2023-01-09,3,서울시 서초구 바우뫼로 38,010-1234-5678,4
2023-01-10,3,서울시 서초구 바우뫼로 38,010-1234-5678,93
2023-01-11,3,서울시 서초구 바우뫼로 38,010-1234-5678,32
2023-01-12,3,서울시 서초구 바우뫼로 38,010-1234-5678,97
2023-01-13,3,서울시 서초구 바우뫼로 38,010-1234-5678,35
2023-01-14,3,서울시 서초구 바우뫼로 38,010-1234-5678,79
2023-01-15,3,서울시 서초구 바우뫼로 38,010-1234-5678,7
2023-01-16,3,서울시 서초구 바우뫼로 38,010-1234-5678,48
2023-01-17,3,서울시 서초구 바우뫼로 38,010-1234-5678,10
2023-01-18,3,서울시 서초구 바우뫼로 38,010-1234-5678,53
2023-01-19,3,서울시 서초구 바우뫼로 38,010-1234-5678,19
2023-01-20,3,서울시 서초구 바우뫼로 38,010-1234-5678,97
2023-01-21,3,서울시 서초구 바우뫼로 38,010-1234-5678,78
2023-01-22,3,서울시 서초구 바우뫼로 38,010-1234-5678,16
2023-01-23,3,서울시 서초구 바우뫼로 38,010-1234-5678,37
2023-01-24,3,서울시 서초구 바우뫼로 38,010-1234-5678,18
2023-01-25,3,서울시 서초구 바우뫼로 38,010-1234-5678,57
2023-01-26,3,서울시 서초구 바우뫼로 38,010-1234-5678,86
2023-01-27,3,서울시 서초구 바우뫼로 38,010-1234-5678,78
2023-01-28,3,서울시 서초구 바우뫼로 38,010-1234-5678,5
2023-01-29,3,서울시 서초구 바우뫼로 38,010-1234-5678,93
2023-01-30,3,서울시 서초구 바우뫼로 38,010-1234-5678,3
2023-01-31,3,서울시 서초구 바우뫼로 38,010-1234-5678,54
2023-02-01,3,서울시 서초구 바우뫼로 38,010-1234-5678,50
2023-02-02,3,서울시 서초구 바우뫼로 38,010-1234-5678,80
2023-02-03,3,서울시 서초구 바우뫼로 38,010-1234-5678,66
2023-02-04,3,서울시 서초구 바우뫼로 38,010-1234-5678,55
2023-02-05,3,서울시 서초구 바우뫼로 38,010-1234-5678,80
2023-02-06,3,서울시 서초구 바우뫼로 38,010-1234-5678,49
2023-02-07,3,서울시 서초구 바우뫼로 38,010-1234-5678,5
2023-02-08,3,서울시 서초구 바우뫼로 38,010-1234-5678,13
2023-02-09,3,서울시 서초구 바우뫼로 38,010-1234-5678,34
2023-02-10,3,서울시 서초구 바우뫼로 38,010-1234-5678,0
2023-02-11,3,서울시 서초구 바우뫼로 38,010-1234-5678,26
2023-02-12,3,서울시 서초구 바우뫼로 38,010-1234-5678,22
2023-02-13,3,서울시 서초구 바우뫼로 38,010-1234-5678,43
2023-02-14,3,서울시 서초구 바우뫼로 38,010-1234-5678,96
2023-02-15,3,서울시 서초구 바우뫼로 38,010-1234-5678,17
2023-02-16,3,서울시 서초구 바우뫼로 38,010-1234-5678,66
2023-02-17,3,서울시 서초구 바우뫼로 38,010-1234-5678,54
2023-02-18,3,서울시 서초구 바우뫼로 38,010-1234-5678,9
2023-02-19,3,서울시 서초구 바우뫼로 38,010-1234-5678,67
2023-02-20,3,서울시 서초구 바우뫼로 38,010-1234-5678,36
2023-02-21,3,서울시 서초구 바우뫼로 38,010-1234-5678,29
2023-02-22,3,서울시 서초구 바우뫼로 38,010-1234-5678,16
2023-02-23,3,서울시 서초구 바우뫼로 38,010-1234-5678,31
2023-02-24,3,서울시 서초구 바우뫼로 38,010-1234-5678,30
2023-02-25,3,서울시 서초구 바우뫼로 38,010-1234-5678,73
2023-02-26,3,서울시 서초구 바우뫼로 38,010-1234-5678,78
2023-02-27,3,서울시 서초구 바우뫼로 38,010-1234-5678,91
2023-02-28,3,서울시 서초구 바우뫼로 38,010-1234-5678,60
2023-03-01,3,서울시 서초구 바우뫼로 38,010-1234-5678,15
2023-03-02,3,서울시 서초구 바우뫼로 38,010-1234-5678,60
2023-03-03,3,서울시 서초구 바우뫼로 38,010-1234-5678,84
2023-03-04,3,서울시 서초구 바우뫼로 38,010-1234-5678,35
2023-03-05,3,서울시 서초구 바우뫼로 38,010-1234-5678,29
2023-03-06,3,서울시 서초구 바우뫼로 38,010-1234-5678,25
2023-03-07,3,서울시 서초구 바우뫼로 38,010-1234-5678,40
2023-03-08,3,서울시 서초구 바우뫼로 38,010-1234-5678,46
2023-03-09,3,서울시 서초구 바우뫼로 38,010-1234-5678,63
2023-03-10,3,서울시 서초구 바우뫼로 38,010-1234-5678,81
2023-03-11,3,서울시 서초구 바우뫼로 38,010-1234-5678,23
2023-03-12,3,서울시 서초구 바우뫼로 38,010-1234-5678,37
2023-03-13,3,서울시 서초구 바우뫼로 38,010-1234-5678,52
2023-03-14,3,서울시 서초구 바우뫼로 38,010-1234-5678,14
2023-03-15,3,서울시 서초구 바우뫼로 38,010-1234-5678,46
2023-03-16,3,서울시 서초구 바우뫼로 38,010-1234-5678,6
2023-03-17,3,서울시 서초구 바우뫼로 38,010-1234-5678,1
2023-03-18,3,서울시 서초구 바우뫼로 38,010-1234-5678,77
2023-03-19,3,서울시 서초구 바우뫼로 38,010-1234-5678,98
2023-03-20,3,서울시 서초구 바우뫼로 38,010-1234-5678,57
2023-03-21,3,서울시 서초구 바우뫼로 38,010-1234-5678,94
2023-03-22,3,서울시 서초구 바우뫼로 38,010-1234-5678,79
2023-03-23,3,서울시 서초구 바우뫼로 38,010-1234-5678,42
2023-03-24,3,서울시 서초구 바우뫼로 38,010-1234-5678,51
2023-03-25,3,서울시 서초구 바우뫼로 38,010-1234-5678,98
2023-03-26,3,서울시 서초구 바우뫼로 38,010-1234-5678,54
2023-03-27,3,서울시 서초구 바우뫼로 38,010-1234-5678,17
2023-03-28,3,서울시 서초구 바우뫼로 38,010-1234-5678,69
2023-03-29,3,서울시 서초구 바우뫼로 38,010-1234-5678,81
2023-03-30,3,서울시 서초구 바우뫼로 38,010-1234-5678,86
2023-03-31,3,서울시 서초구 바우뫼로 38,010-1234-5678,98
2023-04-01,3,서울시 서초구 바우뫼로 38,010-1234-5678,52
2023-04-02,3,서울시 서초구 바우뫼로 38,010-1234-5678,68
2023-04-03,3,서울시 서초구 바우뫼로 38,010-1234-5678,37
2023-04-04,3,서울시 서초구 바우뫼로 38,010-1234-5678,87
2023-04-05,3,서울시 서초구 바우뫼로 38,010-1234-5678,14
2023-04-06,3,서울시 서초구 바우뫼로 38,010-1234-5678,22
2023-04-07,3,서울시 서초구 바우뫼로 38,010-1234-5678,48
2023-04-08,3,서울시 서초구 바우뫼로 38,010-1234-5678,78
2023-04-09,3,서울시 서초구 바우뫼로 38,010-1234-5678,37
2023-04-10,3,서울시 서초구 바우뫼로 38,010-1234-5678,34
2023-04-11,3,서울시 서초구 바우뫼로 38,010-1234-5678,7
2023-04-12,3,서울시 서초구 바우뫼로 38,010-1234-5678,81
2023-04-13,3,서울시 서초구 바우뫼로 38,010-1234-5678,95
2023-04-14,3,서울시 서초구 바우뫼로 38,010-1234-5678,12
2023-04-15,3,서울시 서초구 바우뫼로 38,010-1234-5678,61
2023-04-16,3,서울시 서초구 바우뫼로 38,010-1234-5678,22
2023-04-17,3,서울시 서초구 바우뫼로 38,010-1234-5678,11
2023-04-18,3,서울시 서초구 바우뫼로 38,010-1234-5678,43
2023-04-19,3,서울시 서초구 바우뫼로 38,010-1234-5678,55
2023-04-20,3,서울시 서초구 바우뫼로 38,010-1234-5678,40
2023-04-21,3,서울시 서초구 바우뫼로 38,010-1234-5678,18
2023-04-22,3,서울시 서초구 바우뫼로 38,010-1234-5678,50
2023-04-23,3,서울시 서초구 바우뫼로 38,010-1234-5678,94
2023-04-24,3,서울시 서초구 바우뫼로 38,010-1234-5678,60
2023-04-25,3,서울시 서초구 바우뫼로 38,010-1234-5678,52
2023-04-26,3,서울시 서초구 바우뫼로 38,010-1234-5678,91
2023-04-27,3,서울시 서초구 바우뫼로 38,010-1234-5678,7
2023-04-28,3,서울시 서초구 바우뫼로 38,010-1234-5678,85
2023-04-29,3,서울시 서초구 바우뫼로 38,010-1234-5678,15
2023-04-30,3,서울시 서초구 바우뫼로 38,010-1234-5678,56
2023-05-01,3,서울시 서초구 바우뫼로 38,010-1234-5678,23
2023-05-02,3,서울시 서초구 바우뫼로 38,010-1234-5678,62
2023-05-03,3,서울시 서초구 바우뫼로 38,010-1234-5678,26
2023-05-04,3,서울시 서초구 바우뫼로 38,010-1234-5678,77
2023-05-05,3,서울시 서초구 바우뫼로 38,010-1234-5678,67
2023-05-06,3,서울시 서초구 바우뫼로 38,010-1234-5678,53
2023-05-07,3,서울시 서초구 바우뫼로 38,010-1234-5678,22
2023-05-08,3,서울시 서초구 바우뫼로 38,010-1234-5678,0
2023-05-09,3,서울시 서초구 바우뫼로 38,010-1234-5678,72
2023-05-10,3,서울시 서초구 바우뫼로 38,010-1234-5678,36
2023-05-11,3,서울시 서초구 바우뫼로 38,010-1234-5678,81
2023-05-12,3,서울시 서초구 바우뫼로 38,010-1234-5678,97
2023-05-13,3,서울시 서초구 바우뫼로 38,010-1234-5678,25
2023-05-14,3,서울시 서초구 바우뫼로 38,010-1234-5678,51
2023-05-15,3,서울시 서초구 바우뫼로 38,010-1234-5678,40
2023-05-16,3,서울시 서초구 바우뫼로 38,010-1234-5678,22
2023-05-17,3,서울시 서초구 바우뫼로 38,010-1234-5678,21
2023-05-18,3,서울시 서초구 바우뫼로 38,010-1234-5678,16
2023-05-19,3,서울시 서초구 바우뫼로 38,010-1234-5678,60
2023-05-20,3,서울시 서초구 바우뫼로 38,010-1234-5678,5
2023-05-21,3,서울시 서초구 바우뫼로 38,010-1234-5678,60
2023-05-22,3,서울시 서초구 바우뫼로 38,010-1234-5678,70
2023-05-23,3,서울시 서초구 바우뫼로 38,010-1234-5678,64
2023-05-24,3,서울시 서초구 바우뫼로 38,010-1234-5678,23
2023-05-25,3,서울시 서초구 바우뫼로 38,010-1234-5678,43
2023-05-26,3,서울시 서초구 바우뫼로 38,010-1234-5678,12
2023-05-27,3,서울시 서초구 바우뫼로 38,010-1234-5678,92
2023-05-28,3,서울시 서초구 바우뫼로 38,010-1234-5678,96
2023-05-29,3,서울시 서초구 바우뫼로 38,010-1234-5678,69
2023-05-30,3,서울시 서초구 바우뫼로 38,010-1234-5678,70
2023-05-31,3,서울시 서초구 바우뫼로 38,010-1234-5678,7
2023-06-01,3,서울시 서초구 바우뫼로 38,010-1234-5678,79
2023-06-02,3,서울시 서초구 바우뫼로 38,010-1234-5678,6
2023-06-03,3,서울시 서초구 바우뫼로 38,010-1234-5678,68
2023-06-04,3,서울시 서초구 바우뫼로 38,010-1234-5678,82
2023-06-05,3,서울시 서초구 바우뫼로 38,010-1234-5678,67
2023-06-06,3,서울시 서초구 바우뫼로 38,010-1234-5678,64
2023-06-07,3,서울시 서초구 바우뫼로 38,010-1234-5678,24
2023-06-08,3,서울시 서초구 바우뫼로 38,010-1234-5678,85
2023-06-09,3,서울시 서초구 바우뫼로 38,010-1234-5678,11
2023-06-10,3,서울시 서초구 바우뫼로 38,010-1234-5678,95
2023-06-11,3,서울시 서초구 바우뫼로 38,010-1234-5678,81
2023-06-12,3,서울시 서초구 바우뫼로 38,010-1234-5678,59
2023-06-13,3,서울시 서초구 바우뫼로 38,010-1234-5678,48
2023-06-14,3,서울시 서초구 바우뫼로 38,010-1234-5678,35
2023-06-15,3,서울시 서초구 바우뫼로 38,010-1234-5678,95
2023-06-16,3,서울시 서초구 바우뫼로 38,010-1234-5678,13
2023-06-17,3,서울시 서초구 바우뫼로 38,010-1234-5678,85
2023-06-18,3,서울시 서초구 바우뫼로 38,010-1234-5678,45
2023-06-19,3,서울시 서초구 바우뫼로 38,010-1234-5678,68
2023-06-20,3,서울시 서초구 바우뫼로 38,010-1234-5678,80
2023-06-21,3,서울시 서초구 바우뫼로 38,010-1234-5678,60
2023-06-22,3,서울시 서초구 바우뫼로 38,010-1234-5678,7
2023-06-23,3,서울시 서초구 바우뫼로 38,010-1234-5678,18
2023-06-24,3,서울시 서초구 바우뫼로 38,010-1234-5678,63
2023-06-25,3,서울시 서초구 바우뫼로 38,010-1234-5678,70
2023-06-26,3,서울시 서초구 바우뫼로 38,010-1234-5678,5
2023-06-27,3,서울시 서초구 바우뫼로 38,010-1234-5678,66
2023-06-28,3,서울시 서초구 바우뫼로 38,010-1234-5678,16
2023-06-29,3,서울시 서초구 바우뫼로 38,010-1234-5678,47
2023-06-30,3,서울시 서초구 바우뫼로 38,010-1234-5678,64
2023-01-01,4,서울시 서초구 바우뫼로 38,010-1234-5678,48
2023-01-02,4,서울시 서초구 바우뫼로 38,010-1234-5678,79
2023-01-03,4,서울시 서초구 바우뫼로 38,010-1234-5678,29
2023-01-04,4,서울시 서초구 바우뫼로 38,010-1234-5678,6
2023-01-05,4,서울시 서초구 바우뫼로 38,010-1234-5678,96
2023-01-06,4,서울시 서초구 바우뫼로 38,010-1234-5678,69
2023-01-07,4,서울시 서초구 바우뫼로 38,010-1234-5678,35
2023-01-08,4,서울시 서초구 바우뫼로 38,010-1234-5678,11
2023-01-09,4,서울시 서초구 바우뫼로 38,010-1234-5678,16
2023-01-10,4,서울시 서초구 바우뫼로 38,010-1234-5678,94
2023-01-11,4,서울시 서초구 바우뫼로 38,010-1234-5678,93
2023-01-12,4,서울시 서초구 바우뫼로 38,010-1234-5678,99
2023-01-13,4,서울시 서초구 바우뫼로 38,010-1234-5678,14
2023-01-14,4,서울시 서초구 바우뫼로 38,010-1234-5678,39
2023-01-15,4,서울시 서초구 바우뫼로 38,010-1234-5678,7
2023-01-16,4,서울시 서초구 바우뫼로 38,010-1234-5678,88
2023-01-17,4,서울시 서초구 바우뫼로 38,010-1234-5678,70
2023-01-18,4,서울시 서초구 바우뫼로 38,010-1234-5678,33
2023-01-19,4,서울시 서초구 바우뫼로 38,010-1234-5678,76
2023-01-20,4,서울시 서초구 바우뫼로 38,010-1234-5678,13
2023-01-21,4,서울시 서초구 바우뫼로 38,010-1234-5678,56
2023-01-22,4,서울시 서초구 바우뫼로 38,010-1234-5678,91
2023-01-23,4,서울시 서초구 바우뫼로 38,010-1234-5678,5
2023-01-24,4,서울시 서초구 바우뫼로 38,010-1234-5678,36
2023-01-25,4,서울시 서초구 바우뫼로 38,010-1234-5678,63
2023-01-26,4,서울시 서초구 바우뫼로 38,010-1234-5678,99
2023-01-27,4,서울시 서초구 바우뫼로 38,010-1234-5678,89
2023-01-28,4,서울시 서초구 바우뫼로 38,010-1234-5678,78
2023-01-29,4,서울시 서초구 바우뫼로 38,010-1234-5678,21
2023-01-30,4,서울시 서초구 바우뫼로 38,010-1234-5678,22
2023-01-31,4,서울시 서초구 바우뫼로 38,010-1234-5678,34
2023-02-01,4,서울시 서초구 바우뫼로 38,010-1234-5678,59
2023-02-02,4,서울시 서초구 바우뫼로 38,010-1234-5678,33
2023-02-03,4,서울시 서초구 바우뫼로 38,010-1234-5678,90
2023-02-04,4,서울시 서초구 바우뫼로 38,010-1234-5678,31
2023-02-05,4,서울시 서초구 바우뫼로 38,010-1234-5678,13
2023-02-06,4,서울시 서초구 바우뫼로 38,010-1234-5678,50
2023-02-07,4,서울시 서초구 바우뫼로 38,010-1234-5678,82
2023-02-08,4,서울시 서초구 바우뫼로 38,010-1234-5678,33
2023-02-09,4,서울시 서초구 바우뫼로 38,010-1234-5678,23
2023-02-10,4,서울시 서초구 바우뫼로 38,010-1234-5678,69
2023-02-11,4,서울시 서초구 바우뫼로 38,010-1234-5678,91
2023-02-12,4,서울시 서초구 바우뫼로 38,010-1234-5678,5
2023-02-13,4,서울시 서초구 바우뫼로 38,010-1234-5678,28
2023-02-14,4,서울시 서초구 바우뫼로 38,010-1234-5678,39
2023-02-15,4,서울시 서초구 바우뫼로 38,010-1234-5678,76
2023-02-16,4,서울시 서초구 바우뫼로 38,010-1234-5678,92
2023-02-17,4,서울시 서초구 바우뫼로 38,010-1234-5678,91
2023-02-18,4,서울시 서초구 바우뫼로 38,010-1234-5678,45
2023-02-19,4,서울시 서초구 바우뫼로 38,010-1234-5678,98
2023-02-20,4,서울시 서초구 바우뫼로 38,010-1234-5678,50
2023-02-21,4,서울시 서초구 바우뫼로 38,010-1234-5678,80
2023-02-22,4,서울시 서초구 바우뫼로 38,010-1234-5678,61
2023-02-23,4,서울시 서초구 바우뫼로 38,010-1234-5678,63
2023-02-24,4,서울시 서초구 바우뫼로 38,010-1234-5678,16
2023-02-25,4,서울시 서초구 바우뫼로 38,010-1234-5678,40
2023-02-26,4,서울시 서초구 바우뫼로 38,010-1234-5678,38
2023-02-27,4,서울시 서초구 바우뫼로 38,010-1234-5678,0
2023-02-28,4,서울시 서초구 바우뫼로 38,010-1234-5678,91
2023-03-01,4,서울시 서초구 바우뫼로 38,010-1234-5678,6
2023-03-02,4,서울시 서초구 바우뫼로 38,010-1234-5678,72
2023-03-03,4,서울시 서초구 바우뫼로 38,010-1234-5678,76
2023-03-04,4,서울시 서초구 바우뫼로 38,010-1234-5678,43
2023-03-05,4,서울시 서초구 바우뫼로 38,010-1234-5678,75
2023-03-06,4,서울시 서초구 바우뫼로 38,010-1234-5678,26
2023-03-07,4,서울시 서초구 바우뫼로 38,010-1234-5678,27
2023-03-08,4,서울시 서초구 바우뫼로 38,010-1234-5678,87
2023-03-09,4,서울시 서초구 바우뫼로 38,010-1234-5678,96
2023-03-10,4,서울시 서초구 바우뫼로 38,010-1234-5678,88
2023-03-11,4,서울시 서초구 바우뫼로 38,010-1234-5678,88
2023-03-12,4,서울시 서초구 바우뫼로 38,010-1234-5678,46
2023-03-13,4,서울시 서초구 바우뫼로 38,010-1234-5678,95
2023-03-14,4,서울시 서초구 바우뫼로 38,010-1234-5678,50
2023-03-15,4,서울시 서초구 바우뫼로 38,010-1234-5678,45
2023-03-16,4,서울시 서초구 바우뫼로 38,010-1234-5678,81
2023-03-17,4,서울시 서초구 바우뫼로 38,010-1234-5678,82
2023-03-18,4,서울시 서초구 바우뫼로 38,010-1234-5678,0
2023-03-19,4,서울시 서초구 바우뫼로 38,010-1234-5678,77
2023-03-20,4,서울시 서초구 바우뫼로 38,010-1234-5678,19
2023-03-21,4,서울시 서초구 바우뫼로 38,010-1234-5678,60
2023-03-22,4,서울시 서초구 바우뫼로 38,010-1234-5678,73
2023-03-23,4,서울시 서초구 바우뫼로 38,010-1234-5678,90
2023-03-24,4,서울시 서초구 바우뫼로 38,010-1234-5678,22
2023-03-25,4,서울시 서초구 바우뫼로 38,010-1234-5678,42
2023-03-26,4,서울시 서초구 바우뫼로 38,010-1234-5678,32
2023-03-27,4,서울시 서초구 바우뫼로 38,010-1234-5678,21
2023-03-28,4,서울시 서초구 바우뫼로 38,010-1234-5678,70
2023-03-29,4,서울시 서초구 바우뫼로 38,010-1234-5678,56
2023-03-30,4,서울시 서초구 바우뫼로 38,010-1234-5678,19
2023-03-31,4,서울시 서초구 바우뫼로 38,010-1234-5678,73
2023-04-01,4,서울시 서초구 바우뫼로 38,010-1234-5678,16
2023-04-02,4,서울시 서초구 바우뫼로 38,010-1234-5678,75
2023-04-03,4,서울시 서초구 바우뫼로 38,010-1234-5678,90
2023-04-04,4,서울시 서초구 바우뫼로 38,010-1234-5678,95
2023-04-05,4,서울시 서초구 바우뫼로 38,010-1234-5678,95
2023-04-06,4,서울시 서초구 바우뫼로 38,010-1234-5678,52
2023-04-07,4,서울시 서초구 바우뫼로 38,010-1234-5678,58
2023-04-08,4,서울시 서초구 바우뫼로 38,010-1234-5678,49
2023-04-09,4,서울시 서초구 바우뫼로 38,010-1234-5678,99
2023-04-10,4,서울시 서초구 바우뫼로 38,010-1234-5678,77
2023-04-11,4,서울시 서초구 바우뫼로 38,010-1234-5678,44
2023-04-12,4,서울시 서초구 바우뫼로 38,010-1234-5678,35
2023-04-13,4,서울시 서초구 바우뫼로 38,010-1234-5678,82
2023-04-14,4,서울시 서초구 바우뫼로 38,010-1234-5678,41
2023-04-15,4,서울시 서초구 바우뫼로 38,010-1234-5678,23
2023-04-16,4,서울시 서초구 바우뫼로 38,010-1234-5678,46
2023-04-17,4,서울시 서초구 바우뫼로 38,010-1234-5678,62
2023-04-18,4,서울시 서초구 바우뫼로 38,010-1234-5678,80
2023-04-19,4,서울시 서초구 바우뫼로 38,010-1234-5678,86
2023-04-20,4,서울시 서초구 바우뫼로 38,010-1234-5678,93
2023-04-21,4,서울시 서초구 바우뫼로 38,010-1234-5678,20
2023-04-22,4,서울시 서초구 바우뫼로 38,010-1234-5678,10
2023-04-23,4,서울시 서초구 바우뫼로 38,010-1234-5678,39
2023-04-24,4,서울시 서초구 바우뫼로 38,010-1234-5678,31
2023-04-25,4,서울시 서초구 바우뫼로 38,010-1234-5678,39
2023-04-26,4,서울시 서초구 바우뫼로 38,010-1234-5678,7
2023-04-27,4,서울시 서초구 바우뫼로 38,010-1234-5678,19
2023-04-28,4,서울시 서초구 바우뫼로 38,010-1234-5678,42
2023-04-29,4,서울시 서초구 바우뫼로 38,010-1234-5678,89
2023-04-30,4,서울시 서초구 바우뫼로 38,010-1234-5678,85
2023-05-01,4,서울시 서초구 바우뫼로 38,010-1234-5678,61
2023-05-02,4,서울시 서초구 바우뫼로 38,010-1234-5678,86
2023-05-03,4,서울시 서초구 바우뫼로 38,010-1234-5678,17
2023-05-04,4,서울시 서초구 바우뫼로 38,010-1234-5678,42
2023-05-05,4,서울시 서초구 바우뫼로 38,010-1234-5678,5
2023-05-06,4,서울시 서초구 바우뫼로 38,010-1234-5678,10
2023-05-07,4,서울시 서초구 바우뫼로 38,010-1234-5678,78
2023-05-08,4,서울시 서초구 바우뫼로 38,010-1234-5678,53
2023-05-09,4,서울시 서초구 바우뫼로 38,010-1234-5678,69
2023-05-10,4,서울시 서초구 바우뫼로 38,010-1234-5678,98
2023-05-11,4,서울시 서초구 바우뫼로 38,010-1234-5678,58
2023-05-12,4,서울시 서초구 바우뫼로 38,010-1234-5678,76
2023-05-13,4,서울시 서초구 바우뫼로 38,010-1234-5678,18
2023-05-14,4,서울시 서초구 바우뫼로 38,010-1234-5678,85
2023-05-15,4,서울시 서초구 바우뫼로 38,010-1234-5678,4
2023-05-16,4,서울시 서초구 바우뫼로 38,010-1234-5678,75
2023-05-17,4,서울시 서초구 바우뫼로 38,010-1234-5678,5
2023-05-18,4,서울시 서초구 바우뫼로 38,010-1234-5678,30
2023-05-19,4,서울시 서초구 바우뫼로 38,010-1234-5678,94
2023-05-20,4,서울시 서초구 바우뫼로 38,010-1234-5678,89
2023-05-21,4,서울시 서초구 바우뫼로 38,010-1234-5678,34
2023-05-22,4,서울시 서초구 바우뫼로 38,010-1234-5678,41
2023-05-23,4,서울시 서초구 바우뫼로 38,010-1234-5678,20
2023-05-24,4,서울시 서초구 바우뫼로 38,010-1234-5678,78
2023-05-25,4,서울시 서초구 바우뫼로 38,010-1234-5678,34
2023-05-26,4,서울시 서초구 바우뫼로 38,010-1234-5678,54
2023-05-27,4,서울시 서초구 바우뫼로 38,010-1234-5678,51
2023-05-28,4,서울시 서초구 바우뫼로 38,010-1234-5678,99
2023-05-29,4,서울시 서초구 바우뫼로 38,010-1234-5678,91
2023-05-30,4,서울시 서초구 바우뫼로 38,010-1234-5678,48
2023-05-31,4,서울시 서초구 바우뫼로 38,010-1234-5678,75
2023-06-01,4,서울시 서초구 바우뫼로 38,010-1234-5678,46
2023-06-02,4,서울시 서초구 바우뫼로 38,010-1234-5678,76
2023-06-03,4,서울시 서초구 바우뫼로 38,010-1234-5678,15
2023-06-04,4,서울시 서초구 바우뫼로 38,010-1234-5678,25
2023-06-05,4,서울시 서초구 바우뫼로 38,010-1234-5678,69
2023-06-06,4,서울시 서초구 바우뫼로 38,010-1234-5678,15
2023-06-07,4,서울시 서초구 바우뫼로 38,010-1234-5678,42
2023-06-08,4,서울시 서초구 바우뫼로 38,010-1234-5678,94
2023-06-09,4,서울시 서초구 바우뫼로 38,010-1234-5678,2
2023-06-10,4,서울시 서초구 바우뫼로 38,010-1234-5678,99
2023-06-11,4,서울시 서초구 바우뫼로 38,010-1234-5678,18
2023-06-12,4,서울시 서초구 바우뫼로 38,010-1234-5678,79
2023-06-13,4,서울시 서초구 바우뫼로 38,010-1234-5678,28
2023-06-14,4,서울시 서초구 바우뫼로 38,010-1234-5678,70
2023-06-15,4,서울시 서초구 바우뫼로 38,010-1234-5678,77
2023-06-16,4,서울시 서초구 바우뫼로 38,010-1234-5678,24
2023-06-17,4,서울시 서초구 바우뫼로 38,010-1234-5678,7
2023-06-18,4,서울시 서초구 바우뫼로 38,010-1234-5678,28
2023-06-19,4,서울시 서초구 바우뫼로 38,010-1234-5678,8
2023-06-20,4,서울시 서초구 바우뫼로 38,010-1234-5678,2
2023-06-21,4,서울시 서초구 바우뫼로 38,010-1234-5678,94
2023-06-22,4,서울시 서초구 바우뫼로 38,010-1234-5678,47
2023-06-23,4,서울시 서초구 바우뫼로 38,010-1234-5678,7
2023-06-24,4,서울시 서초구 바우뫼로 38,010-1234-5678,20
2023-06-25,4,서울시 서초구 바우뫼로 38,010-1234-5678,16
2023-06-26,4,서울시 서초구 바우뫼로 38,010-1234-5678,66
2023-06-27,4,서울시 서초구 바우뫼로 38,010-1234-5678,95
2023-06-28,4,서울시 서초구 바우뫼로 38,010-1234-5678,47
2023-06-29,4,서울시 서초구 바우뫼로 38,010-1234-5678,11
2023-06-30,4,서울시 서초구 바우뫼로 38,010-1234-5678,2
2023-01-01,5,서울시 서초구 바우뫼로 38,010-1234-5678,10
2023-01-02,5,서울시 서초구 바우뫼로 38,010-1234-5678,84
2023-01-03,5,서울시 서초구 바우뫼로 38,010-1234-5678,13
2023-01-04,5,서울시 서초구 바우뫼로 38,010-1234-5678,88
2023-01-05,5,서울시 서초구 바우뫼로 38,010-1234-5678,30
2023-01-06,5,서울시 서초구 바우뫼로 38,010-1234-5678,8
2023-01-07,5,서울시 서초구 바우뫼로 38,010-1234-5678,43
2023-01-08,5,서울시 서초구 바우뫼로 38,010-1234-5678,38
2023-01-09,5,서울시 서초구 바우뫼로 38,010-1234-5678,42
2023-01-10,5,서울시 서초구 바우뫼로 38,010-1234-5678,95
2023-01-11,5,서울시 서초구 바우뫼로 38,010-1234-5678,76
2023-01-12,5,서울시 서초구 바우뫼로 38,010-1234-5678,86
2023-01-13,5,서울시 서초구 바우뫼로 38,010-1234-5678,45
2023-01-14,5,서울시 서초구 바우뫼로 38,010-1234-5678,27
2023-01-15,5,서울시 서초구 바우뫼로 38,010-1234-5678,17
2023-01-16,5,서울시 서초구 바우뫼로 38,010-1234-5678,30
2023-01-17,5,서울시 서초구 바우뫼로 38,010-1234-5678,56
2023-01-18,5,서울시 서초구 바우뫼로 38,010-1234-5678,86
2023-01-19,5,서울시 서초구 바우뫼로 38,010-1234-5678,5
2023-01-20,5,서울시 서초구 바우뫼로 38,010-1234-5678,71
2023-01-21,5,서울시 서초구 바우뫼로 38,010-1234-5678,57
2023-01-22,5,서울시 서초구 바우뫼로 38,010-1234-5678,1
2023-01-23,5,서울시 서초구 바우뫼로 38,010-1234-5678,35
2023-01-24,5,서울시 서초구 바우뫼로 38,010-1234-5678,82
2023-01-25,5,서울시 서초구 바우뫼로 38,010-1234-5678,6
2023-01-26,5,서울시 서초구 바우뫼로 38,010-1234-5678,43
2023-01-27,5,서울시 서초구 바우뫼로 38,010-1234-5678,19
2023-01-28,5,서울시 서초구 바우뫼로 38,010-1234-5678,64
2023-01-29,5,서울시 서초구 바우뫼로 38,010-1234-5678,4
2023-01-30,5,서울시 서초구 바우뫼로 38,010-1234-5678,58
2023-01-31,5,서울시 서초구 바우뫼로 38,010-1234-5678,95
2023-02-01,5,서울시 서초구 바우뫼로 38,010-1234-5678,39
2023-02-02,5,서울시 서초구 바우뫼로 38,010-1234-5678,31
2023-02-03,5,서울시 서초구 바우뫼로 38,010-1234-5678,30
2023-02-04,5,서울시 서초구 바우뫼로 38,010-1234-5678,55
2023-02-05,5,서울시 서초구 바우뫼로 38,010-1234-5678,19
2023-02-06,5,서울시 서초구 바우뫼로 38,010-1234-5678,84
2023-02-07,5,서울시 서초구 바우뫼로 38,010-1234-5678,96
2023-02-08,5,서울시 서초구 바우뫼로 38,010-1234-5678,87
2023-02-09,5,서울시 서초구 바우뫼로 38,010-1234-5678,28
2023-02-10,5,서울시 서초구 바우뫼로 38,010-1234-5678,70
2023-02-11,5,서울시 서초구 바우뫼로 38,010-1234-5678,24
2023-02-12,5,서울시 서초구 바우뫼로 38,010-1234-5678,93
2023-02-13,5,서울시 서초구 바우뫼로 38,010-1234-5678,1
2023-02-14,5,서울시 서초구 바우뫼로 38,010-1234-5678,43
2023-02-15,5,서울시 서초구 바우뫼로 38,010-1234-5678,79
2023-02-16,5,서울시 서초구 바우뫼로 38,010-1234-5678,55
2023-02-17,5,서울시 서초구 바우뫼로 38,010-1234-5678,42
2023-02-18,5,서울시 서초구 바우뫼로 38,010-1234-5678,0
2023-02-19,5,서울시 서초구 바우뫼로 38,010-1234-5678,76
2023-02-20,5,서울시 서초구 바우뫼로 38,010-1234-5678,27
2023-02-21,5,서울시 서초구 바우뫼로 38,010-1234-5678,78
2023-02-22,5,서울시 서초구 바우뫼로 38,010-1234-5678,93
2023-02-23,5,서울시 서초구 바우뫼로 38,010-1234-5678,16
2023-02-24,5,서울시 서초구 바우뫼로 38,010-1234-5678,37
2023-02-25,5,서울시 서초구 바우뫼로 38,010-1234-5678,7
2023-02-26,5,서울시 서초구 바우뫼로 38,010-1234-5678,99
2023-02-27,5,서울시 서초구 바우뫼로 38,010-1234-5678,1
2023-02-28,5,서울시 서초구 바우뫼로 38,010-1234-5678,54
2023-03-01,5,서울시 서초구 바우뫼로 38,010-1234-5678,19
2023-03-02,5,서울시 서초구 바우뫼로 38,010-1234-5678,90
2023-03-03,5,서울시 서초구 바우뫼로 38,010-1234-5678,23
2023-03-04,5,서울시 서초구 바우뫼로 38,010-1234-5678,46
2023-03-05,5,서울시 서초구 바우뫼로 38,010-1234-5678,72
2023-03-06,5,서울시 서초구 바우뫼로 38,010-1234-5678,28
2023-03-07,5,서울시 서초구 바우뫼로 38,010-1234-5678,86
2023-03-08,5,서울시 서초구 바우뫼로 38,010-1234-5678,64
2023-03-09,5,서울시 서초구 바우뫼로 38,010-1234-5678,30
2023-03-10,5,서울시 서초구 바우뫼로 38,010-1234-5678,53
2023-03-11,5,서울시 서초구 바우뫼로 38,010-1234-5678,98
2023-03-12,5,서울시 서초구 바우뫼로 38,010-1234-5678,34
2023-03-13,5,서울시 서초구 바우뫼로 38,010-1234-5678,30
2023-03-14,5,서울시 서초구 바우뫼로 38,010-1234-5678,8
2023-03-15,5,서울시 서초구 바우뫼로 38,010-1234-5678,49
2023-03-16,5,서울시 서초구 바우뫼로 38,010-1234-5678,28
2023-03-17,5,서울시 서초구 바우뫼로 38,010-1234-5678,59
2023-03-18,5,서울시 서초구 바우뫼로 38,010-1234-5678,81
2023-03-19,5,서울시 서초구 바우뫼로 38,010-1234-5678,78
2023-03-20,5,서울시 서초구 바우뫼로 38,010-1234-5678,81
2023-03-21,5,서울시 서초구 바우뫼로 38,010-1234-5678,47
2023-03-22,5,서울시 서초구 바우뫼로 38,010-1234-5678,94
2023-03-23,5,서울시 서초구 바우뫼로 38,010-1234-5678,14
2023-03-24,5,서울시 서초구 바우뫼로 38,010-1234-5678,26
2023-03-25,5,서울시 서초구 바우뫼로 38,010-1234-5678,76
2023-03-26,5,서울시 서초구 바우뫼로 38,010-1234-5678,63
2023-03-27,5,서울시 서초구 바우뫼로 38,010-1234-5678,93
2023-03-28,5,서울시 서초구 바우뫼로 38,010-1234-5678,56
2023-03-29,5,서울시 서초구 바우뫼로 38,010-1234-5678,86
2023-03-30,5,서울시 서초구 바우뫼로 38,010-1234-5678,63
2023-03-31,5,서울시 서초구 바우뫼로 38,010-1234-5678,42
2023-04-01,5,서울시 서초구 바우뫼로 38,010-1234-5678,43
2023-04-02,5,서울시 서초구 바우뫼로 38,010-1234-5678,56
2023-04-03,5,서울시 서초구 바우뫼로 38,010-1234-5678,28
2023-04-04,5,서울시 서초구 바우뫼로 38,010-1234-5678,62
2023-04-05,5,서울시 서초구 바우뫼로 38,010-1234-5678,26
2023-04-06,5,서울시 서초구 바우뫼로 38,010-1234-5678,23
2023-04-07,5,서울시 서초구 바우뫼로 38,010-1234-5678,94
2023-04-08,5,서울시 서초구 바우뫼로 38,010-1234-5678,61
2023-04-09,5,서울시 서초구 바우뫼로 38,010-1234-5678,93
2023-04-10,5,서울시 서초구 바우뫼로 38,010-1234-5678,79
2023-04-11,5,서울시 서초구 바우뫼로 38,010-1234-5678,25
2023-04-12,5,서울시 서초구 바우뫼로 38,010-1234-5678,51
2023-04-13,5,서울시 서초구 바우뫼로 38,010-1234-5678,48
2023-04-14,5,서울시 서초구 바우뫼로 38,010-1234-5678,66
2023-04-15,5,서울시 서초구 바우뫼로 38,010-1234-5678,18
2023-04-16,5,서울시 서초구 바우뫼로 38,010-1234-5678,56
2023-04-17,5,서울시 서초구 바우뫼로 38,010-1234-5678,6
2023-04-18,5,서울시 서초구 바우뫼로 38,010-1234-5678,93
2023-04-19,5,서울시 서초구 바우뫼로 38,010-1234-5678,4
2023-04-20,5,서울시 서초구 바우뫼로 38,010-1234-5678,81
2023-04-21,5,서울시 서초구 바우뫼로 38,010-1234-5678,15
2023-04-22,5,서울시 서초구 바우뫼로 38,010-1234-5678,70
2023-04-23,5,서울시 서초구 바우뫼로 38,010-1234-5678,14
2023-04-24,5,서울시 서초구 바우뫼로 38,010-1234-5678,70
2023-04-25,5,서울시 서초구 바우뫼로 38,010-1234-5678,83
2023-04-26,5,서울시 서초구 바우뫼로 38,010-1234-5678,7
2023-04-27,5,서울시 서초구 바우뫼로 38,010-1234-5678,95
2023-04-28,5,서울시 서초구 바우뫼로 38,010-1234-5678,89
2023-04-29,5,서울시 서초구 바우뫼로 38,010-1234-5678,49
2023-04-30,5,서울시 서초구 바우뫼로 38,010-1234-5678,61
2023-05-01,5,서울시 서초구 바우뫼로 38,010-1234-5678,2
2023-05-02,5,서울시 서초구 바우뫼로 38,010-1234-5678,1
2023-05-03,5,서울시 서초구 바우뫼로 38,010-1234-5678,0
2023-05-04,5,서울시 서초구 바우뫼로 38,010-1234-5678,59
2023-05-05,5,서울시 서초구 바우뫼로 38,010-1234-5678,36
2023-05-06,5,서울시 서초구 바우뫼로 38,010-1234-5678,55
2023-05-07,5,서울시 서초구 바우뫼로 38,010-1234-5678,94
2023-05-08,5,서울시 서초구 바우뫼로 38,010-1234-5678,77
2023-05-09,5,서울시 서초구 바우뫼로 38,010-1234-5678,50
2023-05-10,5,서울시 서초구 바우뫼로 38,010-1234-5678,21
2023-05-11,5,서울시 서초구 바우뫼로 38,010-1234-5678,58
2023-05-12,5,서울시 서초구 바우뫼로 38,010-1234-5678,7
2023-05-13,5,서울시 서초구 바우뫼로 38,010-1234-5678,96
2023-05-14,5,서울시 서초구 바우뫼로 38,010-1234-5678,72
2023-05-15,5,서울시 서초구 바우뫼로 38,010-1234-5678,71
2023-05-16,5,서울시 서초구 바우뫼로 38,010-1234-5678,43
2023-05-17,5,서울시 서초구 바우뫼로 38,010-1234-5678,69
2023-05-18,5,서울시 서초구 바우뫼로 38,010-1234-5678,69
2023-05-19,5,서울시 서초구 바우뫼로 38,010-1234-5678,46
2023-05-20,5,서울시 서초구 바우뫼로 38,010-1234-5678,67
2023-05-21,5,서울시 서초구 바우뫼로 38,010-1234-5678,66
2023-05-22,5,서울시 서초구 바우뫼로 38,010-1234-5678,30
2023-05-23,5,서울시 서초구 바우뫼로 38,010-1234-5678,5
2023-05-24,5,서울시 서초구 바우뫼로 38,010-1234-5678,15
2023-05-25,5,서울시 서초구 바우뫼로 38,010-1234-5678,92
2023-05-26,5,서울시 서초구 바우뫼로 38,010-1234-5678,43
2023-05-27,5,서울시 서초구 바우뫼로 38,010-1234-5678,95
2023-05-28,5,서울시 서초구 바우뫼로 38,010-1234-5678,17
2023-05-29,5,서울시 서초구 바우뫼로 38,010-1234-5678,94
2023-05-30,5,서울시 서초구 바우뫼로 38,010-1234-5678,63
2023-05-31,5,서울시 서초구 바우뫼로 38,010-1234-5678,47
2023-06-01,5,서울시 서초구 바우뫼로 38,010-1234-5678,30
2023-06-02,5,서울시 서초구 바우뫼로 38,010-1234-5678,92
2023-06-03,5,서울시 서초구 바우뫼로 38,010-1234-5678,98
2023-06-04,5,서울시 서초구 바우뫼로 38,010-1234-5678,78
2023-06-05,5,서울시 서초구 바우뫼로 38,010-1234-5678,58
2023-06-06,5,서울시 서초구 바우뫼로 38,010-1234-5678,10
2023-06-07,5,서울시 서초구 바우뫼로 38,010-1234-5678,41
2023-06-08,5,서울시 서초구 바우뫼로 38,010-1234-5678,37
2023-06-09,5,서울시 서초구 바우뫼로 38,010-1234-5678,41
2023-06-10,5,서울시 서초구 바우뫼로 38,010-1234-5678,93
2023-06-11,5,서울시 서초구 바우뫼로 38,010-1234-5678,82
2023-06-12,5,서울시 서초구 바우뫼로 38,010-1234-5678,77
2023-06-13,5,서울시 서초구 바우뫼로 38,010-1234-5678,20
2023-06-14,5,서울시 서초구 바우뫼로 38,010-1234-5678,14
2023-06-15,5,서울시 서초구 바우뫼로 38,010-1234-5678,50
2023-06-16,5,서울시 서초구 바우뫼로 38,010-1234-5678,11
2023-06-17,5,서울시 서초구 바우뫼로 38,010-1234-5678,79
2023-06-18,5,서울시 서초구 바우뫼로 38,010-1234-5678,24
2023-06-19,5,서울시 서초구 바우뫼로 38,010-1234-5678,65
2023-06-20,5,서울시 서초구 바우뫼로 38,010-1234-5678,74
2023-06-21,5,서울시 서초구 바우뫼로 38,010-1234-5678,12
2023-06-22,5,서울시 서초구 바우뫼로 38,010-1234-5678,57
2023-06-23,5,서울시 서초구 바우뫼로 38,010-1234-5678,13
2023-06-24,5,서울시 서초구 바우뫼로 38,010-1234-5678,60
2023-06-25,5,서울시 서초구 바우뫼로 38,010-1234-5678,55
2023-06-26,5,서울시 서초구 바우뫼로 38,010-1234-5678,15
2023-06-27,5,서울시 서초구 바우뫼로 38,010-1234-5678,26
2023-06-28,5,서울시 서초구 바우뫼로 38,010-1234-5678,22
2023-06-29,5,서울시 서초구 바우뫼로 38,010-1234-5678,28
2023-06-30,5,서울시 서초구 바우뫼로 38,010-1234-5678,89
2023-01-01,6,서울시 서초구 바우뫼로 38,010-1234-5678,75
2023-01-02,6,서울시 서초구 바우뫼로 38,010-1234-5678,67
2023-01-03,6,서울시 서초구 바우뫼로 38,010-1234-5678,40
2023-01-04,6,서울시 서초구 바우뫼로 38,010-1234-5678,94
2023-01-05,6,서울시 서초구 바우뫼로 38,010-1234-5678,11
2023-01-06,6,서울시 서초구 바우뫼로 38,010-1234-5678,33
2023-01-07,6,서울시 서초구 바우뫼로 38,010-1234-5678,90
2023-01-08,6,서울시 서초구 바우뫼로 38,010-1234-5678,75
2023-01-09,6,서울시 서초구 바우뫼로 38,010-1234-5678,74
2023-01-10,6,서울시 서초구 바우뫼로 38,010-1234-5678,13
2023-01-11,6,서울시 서초구 바우뫼로 38,010-1234-5678,78
2023-01-12,6,서울시 서초구 바우뫼로 38,010-1234-5678,80
2023-01-13,6,서울시 서초구 바우뫼로 38,010-1234-5678,28
2023-01-14,6,서울시 서초구 바우뫼로 38,010-1234-5678,4
2023-01-15,6,서울시 서초구 바우뫼로 38,010-1234-5678,59
2023-01-16,6,서울시 서초구 바우뫼로 38,010-1234-5678,24
2023-01-17,6,서울시 서초구 바우뫼로 38,010-1234-5678,5
2023-01-18,6,서울시 서초구 바우뫼로 38,010-1234-5678,25
2023-01-19,6,서울시 서초구 바우뫼로 38,010-1234-5678,65
2023-01-20,6,서울시 서초구 바우뫼로 38,010-1234-5678,99
2023-01-21,6,서울시 서초구 바우뫼로 38,010-1234-5678,10
2023-01-22,6,서울시 서초구 바우뫼로 38,010-1234-5678,13
2023-01-23,6,서울시 서초구 바우뫼로 38,010-1234-5678,78
2023-01-24,6,서울시 서초구 바우뫼로 38,010-1234-5678,1
2023-01-25,6,서울시 서초구 바우뫼로 38,010-1234-5678,64
2023-01-26,6,서울시 서초구 바우뫼로 38,010-1234-5678,77
2023-01-27,6,서울시 서초구 바우뫼로 38,010-1234-5678,30
2023-01-28,6,서울시 서초구 바우뫼로 38,010-1234-5678,73
2023-01-29,6,서울시 서초구 바우뫼로 38,010-1234-5678,93
2023-01-30,6,서울시 서초구 바우뫼로 38,010-1234-5678,20
2023-01-31,6,서울시 서초구 바우뫼로 38,010-1234-5678,34
2023-02-01,6,서울시 서초구 바우뫼로 38,010-1234-5678,95
2023-02-02,6,서울시 서초구 바우뫼로 38,010-1234-5678,85
2023-02-03,6,서울시 서초구 바우뫼로 38,010-1234-5678,88
2023-02-04,6,서울시 서초구 바우뫼로 38,010-1234-5678,14
2023-02-05,6,서울시 서초구 바우뫼로 38,010-1234-5678,22
2023-02-06,6,서울시 서초구 바우뫼로 38,010-1234-5678,75
2023-02-07,6,서울시 서초구 바우뫼로 38,010-1234-5678,31
2023-02-08,6,서울시 서초구 바우뫼로 38,010-1234-5678,93
2023-02-09,6,서울시 서초구 바우뫼로 38,010-1234-5678,45
2023-02-10,6,서울시 서초구 바우뫼로 38,010-1234-5678,65
2023-02-11,6,서울시 서초구 바우뫼로 38,010-1234-5678,41
2023-02-12,6,서울시 서초구 바우뫼로 38,010-1234-5678,5
2023-02-13,6,서울시 서초구 바우뫼로 38,010-1234-5678,99
2023-02-14,6,서울시 서초구 바우뫼로 38,010-1234-5678,84
2023-02-15,6,서울시 서초구 바우뫼로 38,010-1234-5678,84
2023-02-16,6,서울시 서초구 바우뫼로 38,010-1234-5678,84
2023-02-17,6,서울시 서초구 바우뫼로 38,010-1234-5678,51
2023-02-18,6,서울시 서초구 바우뫼로 38,010-1234-5678,13
2023-02-19,6,서울시 서초구 바우뫼로 38,010-1234-5678,36
2023-02-20,6,서울시 서초구 바우뫼로 38,010-1234-5678,9
2023-02-21,6,서울시 서초구 바우뫼로 38,010-1234-5678,0
2023-02-22,6,서울시 서초구 바우뫼로 38,010-1234-5678,79
2023-02-23,6,서울시 서초구 바우뫼로 38,010-1234-5678,17
2023-02-24,6,서울시 서초구 바우뫼로 38,010-1234-5678,13
2023-02-25,6,서울시 서초구 바우뫼로 38,010-1234-5678,94
2023-02-26,6,서울시 서초구 바우뫼로 38,010-1234-5678,85
2023-02-27,6,서울시 서초구 바우뫼로 38,010-1234-5678,19
2023-02-28,6,서울시 서초구 바우뫼로 38,010-1234-5678,18
2023-03-01,6,서울시 서초구 바우뫼로 38,010-1234-5678,84
2023-03-02,6,서울시 서초구 바우뫼로 38,010-1234-5678,32
2023-03-03,6,서울시 서초구 바우뫼로 38,010-1234-5678,44
2023-03-04,6,서울시 서초구 바우뫼로 38,010-1234-5678,58
2023-03-05,6,서울시 서초구 바우뫼로 38,010-1234-5678,54
2023-03-06,6,서울시 서초구 바우뫼로 38,010-1234-5678,90
2023-03-07,6,서울시 서초구 바우뫼로 38,010-1234-5678,71
2023-03-08,6,서울시 서초구 바우뫼로 38,010-1234-5678,99
2023-03-09,6,서울시 서초구 바우뫼로 38,010-1234-5678,80
2023-03-10,6,서울시 서초구 바우뫼로 38,010-1234-5678,9
2023-03-11,6,서울시 서초구 바우뫼로 38,010-1234-5678,67
2023-03-12,6,서울시 서초구 바우뫼로 38,010-1234-5678,89
2023-03-13,6,서울시 서초구 바우뫼로 38,010-1234-5678,3
2023-03-14,6,서울시 서초구 바우뫼로 38,010-1234-5678,7
2023-03-15,6,서울시 서초구 바우뫼로 38,010-1234-5678,37
2023-03-16,6,서울시 서초구 바우뫼로 38,010-1234-5678,28
2023-03-17,6,서울시 서초구 바우뫼로 38,010-1234-5678,68
2023-03-18,6,서울시 서초구 바우뫼로 38,010-1234-5678,25
2023-03-19,6,서울시 서초구 바우뫼로 38,010-1234-5678,79
2023-03-20,6,서울시 서초구 바우뫼로 38,010-1234-5678,44
2023-03-21,6,서울시 서초구 바우뫼로 38,010-1234-5678,97
2023-03-22,6,서울시 서초구 바우뫼로 38,010-1234-5678,60
2023-03-23,6,서울시 서초구 바우뫼로 38,010-1234-5678,5
2023-03-24,6,서울시 서초구 바우뫼로 38,010-1234-5678,84
2023-03-25,6,서울시 서초구 바우뫼로 38,010-1234-5678,99
2023-03-26,6,서울시 서초구 바우뫼로 38,010-1234-5678,81
2023-03-27,6,서울시 서초구 바우뫼로 38,010-1234-5678,42
2023-03-28,6,서울시 서초구 바우뫼로 38,010-1234-5678,38
2023-03-29,6,서울시 서초구 바우뫼로 38,010-1234-5678,68
2023-03-30,6,서울시 서초구 바우뫼로 38,010-1234-5678,81
2023-03-31,6,서울시 서초구 바우뫼로 38,010-1234-5678,18
2023-04-01,6,서울시 서초구 바우뫼로 38,010-1234-5678,26
2023-04-02,6,서울시 서초구 바우뫼로 38,010-1234-5678,26
2023-04-03,6,서울시 서초구 바우뫼로 38,010-1234-5678,99
2023-04-04,6,서울시 서초구 바우뫼로 38,010-1234-5678,61
2023-04-05,6,서울시 서초구 바우뫼로 38,010-1234-5678,54
2023-04-06,6,서울시 서초구 바우뫼로 38,010-1234-5678,10
2023-04-07,6,서울시 서초구 바우뫼로 38,010-1234-5678,46
2023-04-08,6,서울시 서초구 바우뫼로 38,010-1234-5678,17
2023-04-09,6,서울시 서초구 바우뫼로 38,010-1234-5678,14
2023-04-10,6,서울시 서초구 바우뫼로 38,010-1234-5678,66
2023-04-11,6,서울시 서초구 바우뫼로 38,010-1234-5678,95
2023-04-12,6,서울시 서초구 바우뫼로 38,010-1234-5678,21
2023-04-13,6,서울시 서초구 바우뫼로 38,010-1234-5678,25
2023-04-14,6,서울시 서초구 바우뫼로 38,010-1234-5678,73
2023-04-15,6,서울시 서초구 바우뫼로 38,010-1234-5678,60
2023-04-16,6,서울시 서초구 바우뫼로 38,010-1234-5678,24
2023-04-17,6,서울시 서초구 바우뫼로 38,010-1234-5678,15
2023-04-18,6,서울시 서초구 바우뫼로 38,010-1234-5678,70
2023-04-19,6,서울시 서초구 바우뫼로 38,010-1234-5678,53
2023-04-20,6,서울시 서초구 바우뫼로 38,010-1234-5678,24
2023-04-21,6,서울시 서초구 바우뫼로 38,010-1234-5678,83
2023-04-22,6,서울시 서초구 바우뫼로 38,010-1234-5678,22
2023-04-23,6,서울시 서초구 바우뫼로 38,010-1234-5678,29
2023-04-24,6,서울시 서초구 바우뫼로 38,010-1234-5678,4
2023-04-25,6,서울시 서초구 바우뫼로 38,010-1234-5678,64
2023-04-26,6,서울시 서초구 바우뫼로 38,010-1234-5678,70
2023-04-27,6,서울시 서초구 바우뫼로 38,010-1234-5678,52
2023-04-28,6,서울시 서초구 바우뫼로 38,010-1234-5678,46
2023-04-29,6,서울시 서초구 바우뫼로 38,010-1234-5678,44
2023-04-30,6,서울시 서초구 바우뫼로 38,010-1234-5678,74
2023-05-01,6,서울시 서초구 바우뫼로 38,010-1234-5678,16
2023-05-02,6,서울시 서초구 바우뫼로 38,010-1234-5678,35
2023-05-03,6,서울시 서초구 바우뫼로 38,010-1234-5678,90
2023-05-04,6,서울시 서초구 바우뫼로 38,010-1234-5678,31
2023-05-05,6,서울시 서초구 바우뫼로 38,010-1234-5678,37
2023-05-06,6,서울시 서초구 바우뫼로 38,010-1234-5678,38
2023-05-07,6,서울시 서초구 바우뫼로 38,010-1234-5678,73
2023-05-08,6,서울시 서초구 바우뫼로 38,010-1234-5678,4
2023-05-09,6,서울시 서초구 바우뫼로 38,010-1234-5678,48
2023-05-10,6,서울시 서초구 바우뫼로 38,010-1234-5678,83
2023-05-11,6,서울시 서초구 바우뫼로 38,010-1234-5678,43
2023-05-12,6,서울시 서초구 바우뫼로 38,010-1234-5678,60
2023-05-13,6,서울시 서초구 바우뫼로 38,010-1234-5678,96
2023-05-14,6,서울시 서초구 바우뫼로 38,010-1234-5678,25
2023-05-15,6,서울시 서초구 바우뫼로 38,010-1234-5678,37
2023-05-16,6,서울시 서초구 바우뫼로 38,010-1234-5678,98
2023-05-17,6,서울시 서초구 바우뫼로 38,010-1234-5678,31
2023-05-18,6,서울시 서초구 바우뫼로 38,010-1234-5678,87
2023-05-19,6,서울시 서초구 바우뫼로 38,010-1234-5678,47
2023-05-20,6,서울시 서초구 바우뫼로 38,010-1234-5678,81
2023-05-21,6,서울시 서초구 바우뫼로 38,010-1234-5678,61
2023-05-22,6,서울시 서초구 바우뫼로 38,010-1234-5678,73
2023-05-23,6,서울시 서초구 바우뫼로 38,010-1234-5678,10
2023-05-24,6,서울시 서초구 바우뫼로 38,010-1234-5678,89
2023-05-25,6,서울시 서초구 바우뫼로 38,010-1234-5678,33
2023-05-26,6,서울시 서초구 바우뫼로 38,010-1234-5678,80
2023-05-27,6,서울시 서초구 바우뫼로 38,010-1234-5678,20
2023-05-28,6,서울시 서초구 바우뫼로 38,010-1234-5678,13
2023-05-29,6,서울시 서초구 바우뫼로 38,010-1234-5678,42
2023-05-30,6,서울시 서초구 바우뫼로 38,010-1234-5678,85
2023-05-31,6,서울시 서초구 바우뫼로 38,010-1234-5678,78
2023-06-01,6,서울시 서초구 바우뫼로 38,010-1234-5678,30
2023-06-02,6,서울시 서초구 바우뫼로 38,010-1234-5678,74
2023-06-03,6,서울시 서초구 바우뫼로 38,010-1234-5678,77
2023-06-04,6,서울시 서초구 바우뫼로 38,010-1234-5678,34
2023-06-05,6,서울시 서초구 바우뫼로 38,010-1234-5678,89
2023-06-06,6,서울시 서초구 바우뫼로 38,010-1234-5678,86
2023-06-07,6,서울시 서초구 바우뫼로 38,010-1234-5678,84
2023-06-08,6,서울시 서초구 바우뫼로 38,010-1234-5678,64
2023-06-09,6,서울시 서초구 바우뫼로 38,010-1234-5678,87
2023-06-10,6,서울시 서초구 바우뫼로 38,010-1234-5678,38
2023-06-11,6,서울시 서초구 바우뫼로 38,010-1234-5678,40
2023-06-12,6,서울시 서초구 바우뫼로 38,010-1234-5678,91
2023-06-13,6,서울시 서초구 바우뫼로 38,010-1234-5678,92
2023-06-14,6,서울시 서초구 바우뫼로 38,010-1234-5678,53
2023-06-15,6,서울시 서초구 바우뫼로 38,010-1234-5678,23
2023-06-16,6,서울시 서초구 바우뫼로 38,010-1234-5678,12
2023-06-17,6,서울시 서초구 바우뫼로 38,010-1234-5678,80
2023-06-18,6,서울시 서초구 바우뫼로 38,010-1234-5678,93
2023-06-19,6,서울시 서초구 바우뫼로 38,010-1234-5678,72
2023-06-20,6,서울시 서초구 바우뫼로 38,010-1234-5678,16
2023-06-21,6,서울시 서초구 바우뫼로 38,010-1234-5678,44
2023-06-22,6,서울시 서초구 바우뫼로 38,010-1234-5678,73
2023-06-23,6,서울시 서초구 바우뫼로 38,010-1234-5678,69
2023-06-24,6,서울시 서초구 바우뫼로 38,010-1234-5678,16
2023-06-25,6,서울시 서초구 바우뫼로 38,010-1234-5678,8
2023-06-26,6,서울시 서초구 바우뫼로 38,010-1234-5678,44
2023-06-27,6,서울시 서초구 바우뫼로 38,010-1234-5678,31
2023-06-28,6,서울시 서초구 바우뫼로 38,010-1234-5678,55
2023-06-29,6,서울시 서초구 바우뫼로 38,010-1234-5678,99
2023-06-30,6,서울시 서초구 바우뫼로 38,010-1234-5678,74
2023-01-01,7,서울시 서초구 바우뫼로 38,010-1234-5678,68
2023-01-02,7,서울시 서초구 바우뫼로 38,010-1234-5678,86
2023-01-03,7,서울시 서초구 바우뫼로 38,010-1234-5678,6
2023-01-04,7,서울시 서초구 바우뫼로 38,010-1234-5678,63
2023-01-05,7,서울시 서초구 바우뫼로 38,010-1234-5678,17
2023-01-06,7,서울시 서초구 바우뫼로 38,010-1234-5678,30
2023-01-07,7,서울시 서초구 바우뫼로 38,010-1234-5678,29
2023-01-08,7,서울시 서초구 바우뫼로 38,010-1234-5678,18
2023-01-09,7,서울시 서초구 바우뫼로 38,010-1234-5678,96
2023-01-10,7,서울시 서초구 바우뫼로 38,010-1234-5678,32
2023-01-11,7,서울시 서초구 바우뫼로 38,010-1234-5678,51
2023-01-12,7,서울시 서초구 바우뫼로 38,010-1234-5678,74
2023-01-13,7,서울시 서초구 바우뫼로 38,010-1234-5678,71
2023-01-14,7,서울시 서초구 바우뫼로 38,010-1234-5678,83
2023-01-15,7,서울시 서초구 바우뫼로 38,010-1234-5678,84
2023-01-16,7,서울시 서초구 바우뫼로 38,010-1234-5678,96
2023-01-17,7,서울시 서초구 바우뫼로 38,010-1234-5678,57
2023-01-18,7,서울시 서초구 바우뫼로 38,010-1234-5678,41
2023-01-19,7,서울시 서초구 바우뫼로 38,010-1234-5678,65
2023-01-20,7,서울시 서초구 바우뫼로 38,010-1234-5678,42
2023-01-21,7,서울시 서초구 바우뫼로 38,010-1234-5678,7
2023-01-22,7,서울시 서초구 바우뫼로 38,010-1234-5678,5
2023-01-23,7,서울시 서초구 바우뫼로 38,010-1234-5678,76
2023-01-24,7,서울시 서초구 바우뫼로 38,010-1234-5678,34
2023-01-25,7,서울시 서초구 바우뫼로 38,010-1234-5678,34
2023-01-26,7,서울시 서초구 바우뫼로 38,010-1234-5678,57
2023-01-27,7,서울시 서초구 바우뫼로 38,010-1234-5678,39
2023-01-28,7,서울시 서초구 바우뫼로 38,010-1234-5678,42
2023-01-29,7,서울시 서초구 바우뫼로 38,010-1234-5678,30
2023-01-30,7,서울시 서초구 바우뫼로 38,010-1234-5678,98
2023-01-31,7,서울시 서초구 바우뫼로 38,010-1234-5678,83
2023-02-01,7,서울시 서초구 바우뫼로 38,010-1234-5678,94
2023-02-02,7,서울시 서초구 바우뫼로 38,010-1234-5678,90
2023-02-03,7,서울시 서초구 바우뫼로 38,010-1234-5678,31
2023-02-04,7,서울시 서초구 바우뫼로 38,010-1234-5678,57
2023-02-05,7,서울시 서초구 바우뫼로 38,010-1234-5678,0
2023-02-06,7,서울시 서초구 바우뫼로 38,010-1234-5678,77
2023-02-07,7,서울시 서초구 바우뫼로 38,010-1234-5678,16
2023-02-08,7,서울시 서초구 바우뫼로 38,010-1234-5678,84
2023-02-09,7,서울시 서초구 바우뫼로 38,010-1234-5678,56
2023-02-10,7,서울시 서초구 바우뫼로 38,010-1234-5678,76
2023-02-11,7,서울시 서초구 바우뫼로 38,010-1234-5678,76
2023-02-12,7,서울시 서초구 바우뫼로 38,010-1234-5678,44
2023-02-13,7,서울시 서초구 바우뫼로 38,010-1234-5678,73
2023-02-14,7,서울시 서초구 바우뫼로 38,010-1234-5678,35
2023-02-15,7,서울시 서초구 바우뫼로 38,010-1234-5678,59
2023-02-16,7,서울시 서초구 바우뫼로 38,010-1234-5678,37
2023-02-17,7,서울시 서초구 바우뫼로 38,010-1234-5678,30
2023-02-18,7,서울시 서초구 바우뫼로 38,010-1234-5678,11
2023-02-19,7,서울시 서초구 바우뫼로 38,010-1234-5678,64
2023-02-20,7,서울시 서초구 바우뫼로 38,010-1234-5678,56
2023-02-21,7,서울시 서초구 바우뫼로 38,010-1234-5678,70
2023-02-22,7,서울시 서초구 바우뫼로 38,010-1234-5678,63
2023-02-23,7,서울시 서초구 바우뫼로 38,010-1234-5678,39
2023-02-24,7,서울시 서초구 바우뫼로 38,010-1234-5678,10
2023-02-25,7,서울시 서초구 바우뫼로 38,010-1234-5678,79
2023-02-26,7,서울시 서초구 바우뫼로 38,010-1234-5678,49
2023-02-27,7,서울시 서초구 바우뫼로 38,010-1234-5678,3
2023-02-28,7,서울시 서초구 바우뫼로 38,010-1234-5678,77
2023-03-01,7,서울시 서초구 바우뫼로 38,010-1234-5678,73
2023-03-02,7,서울시 서초구 바우뫼로 38,010-1234-5678,85
2023-03-03,7,서울시 서초구 바우뫼로 38,010-1234-5678,41
2023-03-04,7,서울시 서초구 바우뫼로 38,010-1234-5678,43
2023-03-05,7,서울시 서초구 바우뫼로 38,010-1234-5678,29
2023-03-06,7,서울시 서초구 바우뫼로 38,010-1234-5678,18
2023-03-07,7,서울시 서초구 바우뫼로 38,010-1234-5678,53
2023-03-08,7,서울시 서초구 바우뫼로 38,010-1234-5678,1
2023-03-09,7,서울시 서초구 바우뫼로 38,010-1234-5678,30
2023-03-10,7,서울시 서초구 바우뫼로 38,010-1234-5678,76
2023-03-11,7,서울시 서초구 바우뫼로 38,010-1234-5678,92
2023-03-12,7,서울시 서초구 바우뫼로 38,010-1234-5678,88
2023-03-13,7,서울시 서초구 바우뫼로 38,010-1234-5678,19
2023-03-14,7,서울시 서초구 바우뫼로 38,010-1234-5678,57
2023-03-15,7,서울시 서초구 바우뫼로 38,010-1234-5678,73
2023-03-16,7,서울시 서초구 바우뫼로 38,010-1234-5678,33
2023-03-17,7,서울시 서초구 바우뫼로 38,010-1234-5678,46
2023-03-18,7,서울시 서초구 바우뫼로 38,010-1234-5678,73
2023-03-19,7,서울시 서초구 바우뫼로 38,010-1234-5678,93
2023-03-20,7,서울시 서초구 바우뫼로 38,010-1234-5678,66
2023-03-21,7,서울시 서초구 바우뫼로 38,010-1234-5678,84
2023-03-22,7,서울시 서초구 바우뫼로 38,010-1234-5678,15
2023-03-23,7,서울시 서초구 바우뫼로 38,010-1234-5678,95
2023-03-24,7,서울시 서초구 바우뫼로 38,010-1234-5678,64
2023-03-25,7,서울시 서초구 바우뫼로 38,010-1234-5678,55
2023-03-26,7,서울시 서초구 바우뫼로 38,010-1234-5678,14
2023-03-27,7,서울시 서초구 바우뫼로 38,010-1234-5678,62
2023-03-28,7,서울시 서초구 바우뫼로 38,010-1234-5678,22
2023-03-29,7,서울시 서초구 바우뫼로 38,010-1234-5678,96
2023-03-30,7,서울시 서초구 바우뫼로 38,010-1234-5678,50
2023-03-31,7,서울시 서초구 바우뫼로 38,010-1234-5678,68
2023-04-01,7,서울시 서초구 바우뫼로 38,010-1234-5678,25
2023-04-02,7,서울시 서초구 바우뫼로 38,010-1234-5678,10
2023-04-03,7,서울시 서초구 바우뫼로 38,010-1234-5678,77
2023-04-04,7,서울시 서초구 바우뫼로 38,010-1234-5678,7
2023-04-05,7,서울시 서초구 바우뫼로 38,010-1234-5678,68
2023-04-06,7,서울시 서초구 바우뫼로 38,010-1234-5678,73
2023-04-07,7,서울시 서초구 바우뫼로 38,010-1234-5678,89
2023-04-08,7,서울시 서초구 바우뫼로 38,010-1234-5678,26
2023-04-09,7,서울시 서초구 바우뫼로 38,010-1234-5678,27
2023-04-10,7,서울시 서초구 바우뫼로 38,010-1234-5678,71
2023-04-11,7,서울시 서초구 바우뫼로 38,010-1234-5678,65
2023-04-12,7,서울시 서초구 바우뫼로 38,010-1234-5678,7
2023-04-13,7,서울시 서초구 바우뫼로 38,010-1234-5678,79
2023-04-14,7,서울시 서초구 바우뫼로 38,010-1234-5678,43
2023-04-15,7,서울시 서초구 바우뫼로 38,010-1234-5678,18
2023-04-16,7,서울시 서초구 바우뫼로 38,010-1234-5678,29
2023-04-17,7,서울시 서초구 바우뫼로 38,010-1234-5678,79
2023-04-18,7,서울시 서초구 바우뫼로 38,010-1234-5678,11
2023-04-19,7,서울시 서초구 바우뫼로 38,010-1234-5678,18
2023-04-20,7,서울시 서초구 바우뫼로 38,010-1234-5678,87
2023-04-21,7,서울시 서초구 바우뫼로 38,010-1234-5678,69
2023-04-22,7,서울시 서초구 바우뫼로 38,010-1234-5678,4
2023-04-23,7,서울시 서초구 바우뫼로 38,010-1234-5678,2
2023-04-24,7,서울시 서초구 바우뫼로 38,010-1234-5678,10
2023-04-25,7,서울시 서초구 바우뫼로 38,010-1234-5678,36
2023-04-26,7,서울시 서초구 바우뫼로 38,010-1234-5678,50
2023-04-27,7,서울시 서초구 바우뫼로 38,010-1234-5678,47
2023-04-28,7,서울시 서초구 바우뫼로 38,010-1234-5678,42
2023-04-29,7,서울시 서초구 바우뫼로 38,010-1234-5678,99
2023-04-30,7,서울시 서초구 바우뫼로 38,010-1234-5678,94
2023-05-01,7,서울시 서초구 바우뫼로 38,010-1234-5678,82
2023-05-02,7,서울시 서초구 바우뫼로 38,010-1234-5678,57
2023-05-03,7,서울시 서초구 바우뫼로 38,010-1234-5678,58
2023-05-04,7,서울시 서초구 바우뫼로 38,010-1234-5678,38
2023-05-05,7,서울시 서초구 바우뫼로 38,010-1234-5678,61
2023-05-06,7,서울시 서초구 바우뫼로 38,010-1234-5678,88
2023-05-07,7,서울시 서초구 바우뫼로 38,010-1234-5678,49
2023-05-08,7,서울시 서초구 바우뫼로 38,010-1234-5678,2
2023-05-09,7,서울시 서초구 바우뫼로 38,010-1234-5678,12
2023-05-10,7,서울시 서초구 바우뫼로 38,010-1234-5678,91
2023-05-11,7,서울시 서초구 바우뫼로 38,010-1234-5678,58
2023-05-12,7,서울시 서초구 바우뫼로 38,010-1234-5678,71
2023-05-13,7,서울시 서초구 바우뫼로 38,010-1234-5678,4
2023-05-14,7,서울시 서초구 바우뫼로 38,010-1234-5678,45
2023-05-15,7,서울시 서초구 바우뫼로 38,010-1234-5678,53
2023-05-16,7,서울시 서초구 바우뫼로 38,010-1234-5678,23
2023-05-17,7,서울시 서초구 바우뫼로 38,010-1234-5678,35
2023-05-18,7,서울시 서초구 바우뫼로 38,010-1234-5678,42
2023-05-19,7,서울시 서초구 바우뫼로 38,010-1234-5678,60
2023-05-20,7,서울시 서초구 바우뫼로 38,010-1234-5678,27
2023-05-21,7,서울시 서초구 바우뫼로 38,010-1234-5678,14
2023-05-22,7,서울시 서초구 바우뫼로 38,010-1234-5678,33
2023-05-23,7,서울시 서초구 바우뫼로 38,010-1234-5678,31
2023-05-24,7,서울시 서초구 바우뫼로 38,010-1234-5678,33
2023-05-25,7,서울시 서초구 바우뫼로 38,010-1234-5678,51
2023-05-26,7,서울시 서초구 바우뫼로 38,010-1234-5678,27
2023-05-27,7,서울시 서초구 바우뫼로 38,010-1234-5678,50
2023-05-28,7,서울시 서초구 바우뫼로 38,010-1234-5678,1
2023-05-29,7,서울시 서초구 바우뫼로 38,010-1234-5678,50
2023-05-30,7,서울시 서초구 바우뫼로 38,010-1234-5678,46
2023-05-31,7,서울시 서초구 바우뫼로 38,010-1234-5678,67
2023-06-01,7,서울시 서초구 바우뫼로 38,010-1234-5678,72
2023-06-02,7,서울시 서초구 바우뫼로 38,010-1234-5678,30
2023-06-03,7,서울시 서초구 바우뫼로 38,010-1234-5678,87
2023-06-04,7,서울시 서초구 바우뫼로 38,010-1234-5678,43
2023-06-05,7,서울시 서초구 바우뫼로 38,010-1234-5678,19
2023-06-06,7,서울시 서초구 바우뫼로 38,010-1234-5678,76
2023-06-07,7,서울시 서초구 바우뫼로 38,010-1234-5678,16
2023-06-08,7,서울시 서초구 바우뫼로 38,010-1234-5678,73
2023-06-09,7,서울시 서초구 바우뫼로 38,010-1234-5678,50
2023-06-10,7,서울시 서초구 바우뫼로 38,010-1234-5678,69
2023-06-11,7,서울시 서초구 바우뫼로 38,010-1234-5678,67
2023-06-12,7,서울시 서초구 바우뫼로 38,010-1234-5678,16
2023-06-13,7,서울시 서초구 바우뫼로 38,010-1234-5678,81
2023-06-14,7,서울시 서초구 바우뫼로 38,010-1234-5678,15
2023-06-15,7,서울시 서초구 바우뫼로 38,010-1234-5678,74
2023-06-16,7,서울시 서초구 바우뫼로 38,010-1234-5678,64
2023-06-17,7,서울시 서초구 바우뫼로 38,010-1234-5678,59
2023-06-18,7,서울시 서초구 바우뫼로 38,010-1234-5678,95
2023-06-19,7,서울시 서초구 바우뫼로 38,010-1234-5678,49
2023-06-20,7,서울시 서초구 바우뫼로 38,010-1234-5678,45
2023-06-21,7,서울시 서초구 바우뫼로 38,010-1234-5678,2
2023-06-22,7,서울시 서초구 바우뫼로 38,010-1234-5678,0
2023-06-23,7,서울시 서초구 바우뫼로 38,010-1234-5678,91
2023-06-24,7,서울시 서초구 바우뫼로 38,010-1234-5678,6
2023-06-25,7,서울시 서초구 바우뫼로 38,010-1234-5678,56
2023-06-26,7,서울시 서초구 바우뫼로 38,010-1234-5678,16
2023-06-27,7,서울시 서초구 바우뫼로 38,010-1234-5678,27
2023-06-28,7,서울시 서초구 바우뫼로 38,010-1234-5678,40
2023-06-29,7,서울시 서초구 바우뫼로 38,010-1234-5678,43
2023-06-30,7,서울시 서초구 바우뫼로 38,010-1234-5678,21
2023-01-01,8,서울시 서초구 바우뫼로 38,010-1234-5678,66
2023-01-02,8,서울시 서초구 바우뫼로 38,010-1234-5678,55
2023-01-03,8,서울시 서초구 바우뫼로 38,010-1234-5678,2
2023-01-04,8,서울시 서초구 바우뫼로 38,010-1234-5678,90
2023-01-05,8,서울시 서초구 바우뫼로 38,010-1234-5678,26
2023-01-06,8,서울시 서초구 바우뫼로 38,010-1234-5678,29
2023-01-07,8,서울시 서초구 바우뫼로 38,010-1234-5678,40
2023-01-08,8,서울시 서초구 바우뫼로 38,010-1234-5678,35
2023-01-09,8,서울시 서초구 바우뫼로 38,010-1234-5678,57
2023-01-10,8,서울시 서초구 바우뫼로 38,010-1234-5678,93
2023-01-11,8,서울시 서초구 바우뫼로 38,010-1234-5678,35
2023-01-12,8,서울시 서초구 바우뫼로 38,010-1234-5678,61
2023-01-13,8,서울시 서초구 바우뫼로 38,010-1234-5678,54
2023-01-14,8,서울시 서초구 바우뫼로 38,010-1234-5678,70
2023-01-15,8,서울시 서초구 바우뫼로 38,010-1234-5678,57
2023-01-16,8,서울시 서초구 바우뫼로 38,010-1234-5678,34
2023-01-17,8,서울시 서초구 바우뫼로 38,010-1234-5678,90
2023-01-18,8,서울시 서초구 바우뫼로 38,010-1234-5678,17
2023-01-19,8,서울시 서초구 바우뫼로 38,010-1234-5678,10
2023-01-20,8,서울시 서초구 바우뫼로 38,010-1234-5678,50
2023-01-21,8,서울시 서초구 바우뫼로 38,010-1234-5678,27
2023-01-22,8,서울시 서초구 바우뫼로 38,010-1234-5678,88
2023-01-23,8,서울시 서초구 바우뫼로 38,010-1234-5678,32
2023-01-24,8,서울시 서초구 바우뫼로 38,010-1234-5678,41
2023-01-25,8,서울시 서초구 바우뫼로 38,010-1234-5678,67
2023-01-26,8,서울시 서초구 바우뫼로 38,010-1234-5678,1
2023-01-27,8,서울시 서초구 바우뫼로 38,010-1234-5678,43
2023-01-28,8,서울시 서초구 바우뫼로 38,010-1234-5678,24
2023-01-29,8,서울시 서초구 바우뫼로 38,010-1234-5678,82
2023-01-30,8,서울시 서초구 바우뫼로 38,010-1234-5678,61
2023-01-31,8,서울시 서초구 바우뫼로 38,010-1234-5678,19
2023-02-01,8,서울시 서초구 바우뫼로 38,010-1234-5678,22
2023-02-02,8,서울시 서초구 바우뫼로 38,010-1234-5678,27
2023-02-03,8,서울시 서초구 바우뫼로 38,010-1234-5678,60
2023-02-04,8,서울시 서초구 바우뫼로 38,010-1234-5678,89
2023-02-05,8,서울시 서초구 바우뫼로 38,010-1234-5678,0
2023-02-06,8,서울시 서초구 바우뫼로 38,010-1234-5678,76
2023-02-07,8,서울시 서초구 바우뫼로 38,010-1234-5678,55
2023-02-08,8,서울시 서초구 바우뫼로 38,010-1234-5678,60
2023-02-09,8,서울시 서초구 바우뫼로 38,010-1234-5678,48
2023-02-10,8,서울시 서초구 바우뫼로 38,010-1234-5678,4
2023-02-11,8,서울시 서초구 바우뫼로 38,010-1234-5678,44
2023-02-12,8,서울시 서초구 바우뫼로 38,010-1234-5678,43
2023-02-13,8,서울시 서초구 바우뫼로 38,010-1234-5678,29
2023-02-14,8,서울시 서초구 바우뫼로 38,010-1234-5678,80
2023-02-15,8,서울시 서초구 바우뫼로 38,010-1234-5678,50
2023-02-16,8,서울시 서초구 바우뫼로 38,010-1234-5678,43
2023-02-17,8,서울시 서초구 바우뫼로 38,010-1234-5678,90
2023-02-18,8,서울시 서초구 바우뫼로 38,010-1234-5678,98
2023-02-19,8,서울시 서초구 바우뫼로 38,010-1234-5678,14
2023-02-20,8,서울시 서초구 바우뫼로 38,010-1234-5678,85
2023-02-21,8,서울시 서초구 바우뫼로 38,010-1234-5678,31
2023-02-22,8,서울시 서초구 바우뫼로 38,010-1234-5678,51
2023-02-23,8,서울시 서초구 바우뫼로 38,010-1234-5678,59
2023-02-24,8,서울시 서초구 바우뫼로 38,010-1234-5678,48
2023-02-25,8,서울시 서초구 바우뫼로 38,010-1234-5678,0
2023-02-26,8,서울시 서초구 바우뫼로 38,010-1234-5678,84
2023-02-27,8,서울시 서초구 바우뫼로 38,010-1234-5678,32
2023-02-28,8,서울시 서초구 바우뫼로 38,010-1234-5678,61
2023-03-01,8,서울시 서초구 바우뫼로 38,010-1234-5678,61
2023-03-02,8,서울시 서초구 바우뫼로 38,010-1234-5678,86
2023-03-03,8,서울시 서초구 바우뫼로 38,010-1234-5678,7
2023-03-04,8,서울시 서초구 바우뫼로 38,010-1234-5678,50
2023-03-05,8,서울시 서초구 바우뫼로 38,010-1234-5678,94
2023-03-06,8,서울시 서초구 바우뫼로 38,010-1234-5678,15
2023-03-07,8,서울시 서초구 바우뫼로 38,010-1234-5678,64
2023-03-08,8,서울시 서초구 바우뫼로 38,010-1234-5678,34
2023-03-09,8,서울시 서초구 바우뫼로 38,010-1234-5678,26
2023-03-10,8,서울시 서초구 바우뫼로 38,010-1234-5678,1
2023-03-11,8,서울시 서초구 바우뫼로 38,010-1234-5678,49
2023-03-12,8,서울시 서초구 바우뫼로 38,010-1234-5678,53
2023-03-13,8,서울시 서초구 바우뫼로 38,010-1234-5678,75
2023-03-14,8,서울시 서초구 바우뫼로 38,010-1234-5678,81
2023-03-15,8,서울시 서초구 바우뫼로 38,010-1234-5678,68
2023-03-16,8,서울시 서초구 바우뫼로 38,010-1234-5678,41
2023-03-17,8,서울시 서초구 바우뫼로 38,010-1234-5678,36
2023-03-18,8,서울시 서초구 바우뫼로 38,010-1234-5678,95
2023-03-19,8,서울시 서초구 바우뫼로 38,010-1234-5678,51
2023-03-20,8,서울시 서초구 바우뫼로 38,010-1234-5678,2
2023-03-21,8,서울시 서초구 바우뫼로 38,010-1234-5678,26
2023-03-22,8,서울시 서초구 바우뫼로 38,010-1234-5678,49
2023-03-23,8,서울시 서초구 바우뫼로 38,010-1234-5678,93
2023-03-24,8,서울시 서초구 바우뫼로 38,010-1234-5678,18
2023-03-25,8,서울시 서초구 바우뫼로 38,010-1234-5678,80
2023-03-26,8,서울시 서초구 바우뫼로 38,010-1234-5678,39
2023-03-27,8,서울시 서초구 바우뫼로 38,010-1234-5678,99
2023-03-28,8,서울시 서초구 바우뫼로 38,010-1234-5678,2
2023-03-29,8,서울시 서초구 바우뫼로 38,010-1234-5678,52
2023-03-30,8,서울시 서초구 바우뫼로 38,010-1234-5678,25
2023-03-31,8,서울시 서초구 바우뫼로 38,010-1234-5678,99
2023-04-01,8,서울시 서초구 바우뫼로 38,010-1234-5678,51
2023-04-02,8,서울시 서초구 바우뫼로 38,010-1234-5678,36
2023-04-03,8,서울시 서초구 바우뫼로 38,010-1234-5678,97
2023-04-04,8,서울시 서초구 바우뫼로 38,010-1234-5678,51
2023-04-05,8,서울시 서초구 바우뫼로 38,010-1234-5678,6
2023-04-06,8,서울시 서초구 바우뫼로 38,010-1234-5678,60
2023-04-07,8,서울시 서초구 바우뫼로 38,010-1234-5678,94
2023-04-08,8,서울시 서초구 바우뫼로 38,010-1234-5678,43
2023-04-09,8,서울시 서초구 바우뫼로 38,010-1234-5678,19
2023-04-10,8,서울시 서초구 바우뫼로 38,010-1234-5678,31
2023-04-11,8,서울시 서초구 바우뫼로 38,010-1234-5678,17
2023-04-12,8,서울시 서초구 바우뫼로 38,010-1234-5678,46
2023-04-13,8,서울시 서초구 바우뫼로 38,010-1234-5678,78
2023-04-14,8,서울시 서초구 바우뫼로 38,010-1234-5678,66
2023-04-15,8,서울시 서초구 바우뫼로 38,010-1234-5678,37
2023-04-16,8,서울시 서초구 바우뫼로 38,010-1234-5678,54
2023-04-17,8,서울시 서초구 바우뫼로 38,010-1234-5678,4
2023-04-18,8,서울시 서초구 바우뫼로 38,010-1234-5678,54
2023-04-19,8,서울시 서초구 바우뫼로 38,010-1234-5678,62
2023-04-20,8,서울시 서초구 바우뫼로 38,010-1234-5678,18
2023-04-21,8,서울시 서초구 바우뫼로 38,010-1234-5678,31
2023-04-22,8,서울시 서초구 바우뫼로 38,010-1234-5678,16
2023-04-23,8,서울시 서초구 바우뫼로 38,010-1234-5678,41
2023-04-24,8,서울시 서초구 바우뫼로 38,010-1234-5678,65
2023-04-25,8,서울시 서초구 바우뫼로 38,010-1234-5678,81
2023-04-26,8,서울시 서초구 바우뫼로 38,010-1234-5678,7
2023-04-27,8,서울시 서초구 바우뫼로 38,010-1234-5678,13
2023-04-28,8,서울시 서초구 바우뫼로 38,010-1234-5678,34
2023-04-29,8,서울시 서초구 바우뫼로 38,010-1234-5678,2
2023-04-30,8,서울시 서초구 바우뫼로 38,010-1234-5678,40
2023-05-01,8,서울시 서초구 바우뫼로 38,010-1234-5678,43
2023-05-02,8,서울시 서초구 바우뫼로 38,010-1234-5678,51
2023-05-03,8,서울시 서초구 바우뫼로 38,010-1234-5678,56
2023-05-04,8,서울시 서초구 바우뫼로 38,010-1234-5678,88
2023-05-05,8,서울시 서초구 바우뫼로 38,010-1234-5678,0
2023-05-06,8,서울시 서초구 바우뫼로 38,010-1234-5678,18
2023-05-07,8,서울시 서초구 바우뫼로 38,010-1234-5678,45
2023-05-08,8,서울시 서초구 바우뫼로 38,010-1234-5678,22
2023-05-09,8,서울시 서초구 바우뫼로 38,010-1234-5678,74
2023-05-10,8,서울시 서초구 바우뫼로 38,010-1234-5678,26
2023-05-11,8,서울시 서초구 바우뫼로 38,010-1234-5678,92
2023-05-12,8,서울시 서초구 바우뫼로 38,010-1234-5678,28
2023-05-13,8,서울시 서초구 바우뫼로 38,010-1234-5678,31
2023-05-14,8,서울시 서초구 바우뫼로 38,010-1234-5678,61
2023-05-15,8,서울시 서초구 바우뫼로 38,010-1234-5678,73
2023-05-16,8,서울시 서초구 바우뫼로 38,010-1234-5678,69
2023-05-17,8,서울시 서초구 바우뫼로 38,010-1234-5678,18
2023-05-18,8,서울시 서초구 바우뫼로 38,010-1234-5678,85
2023-05-19,8,서울시 서초구 바우뫼로 38,010-1234-5678,23
2023-05-20,8,서울시 서초구 바우뫼로 38,010-1234-5678,0
2023-05-21,8,서울시 서초구 바우뫼로 38,010-1234-5678,18
2023-05-22,8,서울시 서초구 바우뫼로 38,010-1234-5678,72
2023-05-23,8,서울시 서초구 바우뫼로 38,010-1234-5678,65
2023-05-24,8,서울시 서초구 바우뫼로 38,010-1234-5678,3
2023-05-25,8,서울시 서초구 바우뫼로 38,010-1234-5678,76
2023-05-26,8,서울시 서초구 바우뫼로 38,010-1234-5678,14
2023-05-27,8,서울시 서초구 바우뫼로 38,010-1234-5678,22
2023-05-28,8,서울시 서초구 바우뫼로 38,010-1234-5678,82
2023-05-29,8,서울시 서초구 바우뫼로 38,010-1234-5678,49
2023-05-30,8,서울시 서초구 바우뫼로 38,010-1234-5678,24
2023-05-31,8,서울시 서초구 바우뫼로 38,010-1234-5678,18
2023-06-01,8,서울시 서초구 바우뫼로 38,010-1234-5678,86
2023-06-02,8,서울시 서초구 바우뫼로 38,010-1234-5678,60
2023-06-03,8,서울시 서초구 바우뫼로 38,010-1234-5678,42
2023-06-04,8,서울시 서초구 바우뫼로 38,010-1234-5678,52
2023-06-05,8,서울시 서초구 바우뫼로 38,010-1234-5678,66
2023-06-06,8,서울시 서초구 바우뫼로 38,010-1234-5678,12
2023-06-07,8,서울시 서초구 바우뫼로 38,010-1234-5678,96
2023-06-08,8,서울시 서초구 바우뫼로 38,010-1234-5678,1
2023-06-09,8,서울시 서초구 바우뫼로 38,010-1234-5678,31
2023-06-10,8,서울시 서초구 바우뫼로 38,010-1234-5678,34
2023-06-11,8,서울시 서초구 바우뫼로 38,010-1234-5678,65
2023-06-12,8,서울시 서초구 바우뫼로 38,010-1234-5678,22
2023-06-13,8,서울시 서초구 바우뫼로 38,010-1234-5678,89
2023-06-14,8,서울시 서초구 바우뫼로 38,010-1234-5678,91
2023-06-15,8,서울시 서초구 바우뫼로 38,010-1234-5678,1
2023-06-16,8,서울시 서초구 바우뫼로 38,010-1234-5678,71
2023-06-17,8,서울시 서초구 바우뫼로 38,010-1234-5678,27
2023-06-18,8,서울시 서초구 바우뫼로 38,010-1234-5678,59
2023-06-19,8,서울시 서초구 바우뫼로 38,010-1234-5678,68
2023-06-20,8,서울시 서초구 바우뫼로 38,010-1234-5678,24
2023-06-21,8,서울시 서초구 바우뫼로 38,010-1234-5678,39
2023-06-22,8,서울시 서초구 바우뫼로 38,010-1234-5678,19
2023-06-23,8,서울시 서초구 바우뫼로 38,010-1234-5678,25
2023-06-24,8,서울시 서초구 바우뫼로 38,010-1234-5678,26
2023-06-25,8,서울시 서초구 바우뫼로 38,010-1234-5678,76
2023-06-26,8,서울시 서초구 바우뫼로 38,010-1234-5678,22
2023-06-27,8,서울시 서초구 바우뫼로 38,010-1234-5678,0
2023-06-28,8,서울시 서초구 바우뫼로 38,010-1234-5678,77
2023-06-29,8,서울시 서초구 바우뫼로 38,010-1234-5678,48
2023-06-30,8,서울시 서초구 바우뫼로 38,010-1234-5678,22
2023-01-01,9,서울시 서초구 바우뫼로 38,010-1234-5678,41
2023-01-02,9,서울시 서초구 바우뫼로 38,010-1234-5678,91
2023-01-03,9,서울시 서초구 바우뫼로 38,010-1234-5678,97
2023-01-04,9,서울시 서초구 바우뫼로 38,010-1234-5678,71
2023-01-05,9,서울시 서초구 바우뫼로 38,010-1234-5678,44
2023-01-06,9,서울시 서초구 바우뫼로 38,010-1234-5678,26
2023-01-07,9,서울시 서초구 바우뫼로 38,010-1234-5678,0
2023-01-08,9,서울시 서초구 바우뫼로 38,010-1234-5678,11
2023-01-09,9,서울시 서초구 바우뫼로 38,010-1234-5678,56
2023-01-10,9,서울시 서초구 바우뫼로 38,010-1234-5678,38
2023-01-11,9,서울시 서초구 바우뫼로 38,010-1234-5678,39
2023-01-12,9,서울시 서초구 바우뫼로 38,010-1234-5678,62
2023-01-13,9,서울시 서초구 바우뫼로 38,010-1234-5678,20
2023-01-14,9,서울시 서초구 바우뫼로 38,010-1234-5678,98
2023-01-15,9,서울시 서초구 바우뫼로 38,010-1234-5678,87
2023-01-16,9,서울시 서초구 바우뫼로 38,010-1234-5678,41
2023-01-17,9,서울시 서초구 바우뫼로 38,010-1234-5678,94
2023-01-18,9,서울시 서초구 바우뫼로 38,010-1234-5678,85
2023-01-19,9,서울시 서초구 바우뫼로 38,010-1234-5678,71
2023-01-20,9,서울시 서초구 바우뫼로 38,010-1234-5678,87
2023-01-21,9,서울시 서초구 바우뫼로 38,010-1234-5678,96
2023-01-22,9,서울시 서초구 바우뫼로 38,010-1234-5678,6
2023-01-23,9,서울시 서초구 바우뫼로 38,010-1234-5678,25
2023-01-24,9,서울시 서초구 바우뫼로 38,010-1234-5678,28
2023-01-25,9,서울시 서초구 바우뫼로 38,010-1234-5678,79
2023-01-26,9,서울시 서초구 바우뫼로 38,010-1234-5678,84
2023-01-27,9,서울시 서초구 바우뫼로 38,010-1234-5678,61
2023-01-28,9,서울시 서초구 바우뫼로 38,010-1234-5678,96
2023-01-29,9,서울시 서초구 바우뫼로 38,010-1234-5678,63
2023-01-30,9,서울시 서초구 바우뫼로 38,010-1234-5678,13
2023-01-31,9,서울시 서초구 바우뫼로 38,010-1234-5678,52
2023-02-01,9,서울시 서초구 바우뫼로 38,010-1234-5678,22
2023-02-02,9,서울시 서초구 바우뫼로 38,010-1234-5678,26
2023-02-03,9,서울시 서초구 바우뫼로 38,010-1234-5678,19
2023-02-04,9,서울시 서초구 바우뫼로 38,010-1234-5678,70
2023-02-05,9,서울시 서초구 바우뫼로 38,010-1234-5678,87
2023-02-06,9,서울시 서초구 바우뫼로 38,010-1234-5678,18
2023-02-07,9,서울시 서초구 바우뫼로 38,010-1234-5678,86
2023-02-08,9,서울시 서초구 바우뫼로 38,010-1234-5678,44
2023-02-09,9,서울시 서초구 바우뫼로 38,010-1234-5678,65
2023-02-10,9,서울시 서초구 바우뫼로 38,010-1234-5678,60
2023-02-11,9,서울시 서초구 바우뫼로 38,010-1234-5678,67
2023-02-12,9,서울시 서초구 바우뫼로 38,010-1234-5678,35
2023-02-13,9,서울시 서초구 바우뫼로 38,010-1234-5678,86
2023-02-14,9,서울시 서초구 바우뫼로 38,010-1234-5678,37
2023-02-15,9,서울시 서초구 바우뫼로 38,010-1234-5678,41
2023-02-16,9,서울시 서초구 바우뫼로 38,010-1234-5678,43
2023-02-17,9,서울시 서초구 바우뫼로 38,010-1234-5678,91
2023-02-18,9,서울시 서초구 바우뫼로 38,010-1234-5678,56
2023-02-19,9,서울시 서초구 바우뫼로 38,010-1234-5678,69
2023-02-20,9,서울시 서초구 바우뫼로 38,010-1234-5678,70
2023-02-21,9,서울시 서초구 바우뫼로 38,010-1234-5678,58
2023-02-22,9,서울시 서초구 바우뫼로 38,010-1234-5678,38
2023-02-23,9,서울시 서초구 바우뫼로 38,010-1234-5678,81
2023-02-24,9,서울시 서초구 바우뫼로 38,010-1234-5678,88
2023-02-25,9,서울시 서초구 바우뫼로 38,010-1234-5678,46
2023-02-26,9,서울시 서초구 바우뫼로 38,010-1234-5678,62
2023-02-27,9,서울시 서초구 바우뫼로 38,010-1234-5678,80
2023-02-28,9,서울시 서초구 바우뫼로 38,010-1234-5678,70
2023-03-01,9,서울시 서초구 바우뫼로 38,010-1234-5678,77
2023-03-02,9,서울시 서초구 바우뫼로 38,010-1234-5678,98
2023-03-03,9,서울시 서초구 바우뫼로 38,010-1234-5678,66
2023-03-04,9,서울시 서초구 바우뫼로 38,010-1234-5678,84
2023-03-05,9,서울시 서초구 바우뫼로 38,010-1234-5678,7
2023-03-06,9,서울시 서초구 바우뫼로 38,010-1234-5678,78
2023-03-07,9,서울시 서초구 바우뫼로 38,010-1234-5678,70
2023-03-08,9,서울시 서초구 바우뫼로 38,010-1234-5678,73
2023-03-09,9,서울시 서초구 바우뫼로 38,010-1234-5678,71
2023-03-10,9,서울시 서초구 바우뫼로 38,010-1234-5678,30
2023-03-11,9,서울시 서초구 바우뫼로 38,010-1234-5678,89
2023-03-12,9,서울시 서초구 바우뫼로 38,010-1234-5678,19
2023-03-13,9,서울시 서초구 바우뫼로 38,010-1234-5678,87
2023-03-14,9,서울시 서초구 바우뫼로 38,010-1234-5678,28
2023-03-15,9,서울시 서초구 바우뫼로 38,010-1234-5678,95
2023-03-16,9,서울시 서초구 바우뫼로 38,010-1234-5678,83
2023-03-17,9,서울시 서초구 바우뫼로 38,010-1234-5678,82
2023-03-18,9,서울시 서초구 바우뫼로 38,010-1234-5678,66
2023-03-19,9,서울시 서초구 바우뫼로 38,010-1234-5678,37
2023-03-20,9,서울시 서초구 바우뫼로 38,010-1234-5678,63
2023-03-21,9,서울시 서초구 바우뫼로 38,010-1234-5678,70
2023-03-22,9,서울시 서초구 바우뫼로 38,010-1234-5678,33
2023-03-23,9,서울시 서초구 바우뫼로 38,010-1234-5678,80
2023-03-24,9,서울시 서초구 바우뫼로 38,010-1234-5678,74
2023-03-25,9,서울시 서초구 바우뫼로 38,010-1234-5678,72
2023-03-26,9,서울시 서초구 바우뫼로 38,010-1234-5678,0
2023-03-27,9,서울시 서초구 바우뫼로 38,010-1234-5678,11
2023-03-28,9,서울시 서초구 바우뫼로 38,010-1234-5678,32
2023-03-29,9,서울시 서초구 바우뫼로 38,010-1234-5678,91
2023-03-30,9,서울시 서초구 바우뫼로 38,010-1234-5678,61
2023-03-31,9,서울시 서초구 바우뫼로 38,010-1234-5678,65
2023-04-01,9,서울시 서초구 바우뫼로 38,010-1234-5678,90
2023-04-02,9,서울시 서초구 바우뫼로 38,010-1234-5678,59
2023-04-03,9,서울시 서초구 바우뫼로 38,010-1234-5678,48
2023-04-04,9,서울시 서초구 바우뫼로 38,010-1234-5678,34
2023-04-05,9,서울시 서초구 바우뫼로 38,010-1234-5678,62
2023-04-06,9,서울시 서초구 바우뫼로 38,010-1234-5678,23
2023-04-07,9,서울시 서초구 바우뫼로 38,010-1234-5678,5
2023-04-08,9,서울시 서초구 바우뫼로 38,010-1234-5678,61
2023-04-09,9,서울시 서초구 바우뫼로 38,010-1234-5678,45
2023-04-10,9,서울시 서초구 바우뫼로 38,010-1234-5678,48
2023-04-11,9,서울시 서초구 바우뫼로 38,010-1234-5678,3
2023-04-12,9,서울시 서초구 바우뫼로 38,010-1234-5678,73
2023-04-13,9,서울시 서초구 바우뫼로 38,010-1234-5678,98
2023-04-14,9,서울시 서초구 바우뫼로 38,010-1234-5678,79
2023-04-15,9,서울시 서초구 바우뫼로 38,010-1234-5678,72
2023-04-16,9,서울시 서초구 바우뫼로 38,010-1234-5678,9
2023-04-17,9,서울시 서초구 바우뫼로 38,010-1234-5678,59
2023-04-18,9,서울시 서초구 바우뫼로 38,010-1234-5678,13
2023-04-19,9,서울시 서초구 바우뫼로 38,010-1234-5678,90
2023-04-20,9,서울시 서초구 바우뫼로 38,010-1234-5678,82
2023-04-21,9,서울시 서초구 바우뫼로 38,010-1234-5678,42
2023-04-22,9,서울시 서초구 바우뫼로 38,010-1234-5678,58
2023-04-23,9,서울시 서초구 바우뫼로 38,010-1234-5678,68
2023-04-24,9,서울시 서초구 바우뫼로 38,010-1234-5678,93
2023-04-25,9,서울시 서초구 바우뫼로 38,010-1234-5678,44
2023-04-26,9,서울시 서초구 바우뫼로 38,010-1234-5678,30
2023-04-27,9,서울시 서초구 바우뫼로 38,010-1234-5678,96
2023-04-28,9,서울시 서초구 바우뫼로 38,010-1234-5678,21
2023-04-29,9,서울시 서초구 바우뫼로 38,010-1234-5678,69
2023-04-30,9,서울시 서초구 바우뫼로 38,010-1234-5678,65
2023-05-01,9,서울시 서초구 바우뫼로 38,010-1234-5678,85
2023-05-02,9,서울시 서초구 바우뫼로 38,010-1234-5678,42
2023-05-03,9,서울시 서초구 바우뫼로 38,010-1234-5678,26
2023-05-04,9,서울시 서초구 바우뫼로 38,010-1234-5678,43
2023-05-05,9,서울시 서초구 바우뫼로 38,010-1234-5678,85
2023-05-06,9,서울시 서초구 바우뫼로 38,010-1234-5678,60
2023-05-07,9,서울시 서초구 바우뫼로 38,010-1234-5678,74
2023-05-08,9,서울시 서초구 바우뫼로 38,010-1234-5678,42
2023-05-09,9,서울시 서초구 바우뫼로 38,010-1234-5678,54
2023-05-10,9,서울시 서초구 바우뫼로 38,010-1234-5678,31
2023-05-11,9,서울시 서초구 바우뫼로 38,010-1234-5678,45
2023-05-12,9,서울시 서초구 바우뫼로 38,010-1234-5678,14
2023-05-13,9,서울시 서초구 바우뫼로 38,010-1234-5678,3
2023-05-14,9,서울시 서초구 바우뫼로 38,010-1234-5678,16
2023-05-15,9,서울시 서초구 바우뫼로 38,010-1234-5678,69
2023-05-16,9,서울시 서초구 바우뫼로 38,010-1234-5678,23
2023-05-17,9,서울시 서초구 바우뫼로 38,010-1234-5678,83
2023-05-18,9,서울시 서초구 바우뫼로 38,010-1234-5678,58
2023-05-19,9,서울시 서초구 바우뫼로 38,010-1234-5678,76
2023-05-20,9,서울시 서초구 바우뫼로 38,010-1234-5678,61
2023-05-21,9,서울시 서초구 바우뫼로 38,010-1234-5678,49
2023-05-22,9,서울시 서초구 바우뫼로 38,010-1234-5678,49
2023-05-23,9,서울시 서초구 바우뫼로 38,010-1234-5678,98
2023-05-24,9,서울시 서초구 바우뫼로 38,010-1234-5678,4
2023-05-25,9,서울시 서초구 바우뫼로 38,010-1234-5678,72
2023-05-26,9,서울시 서초구 바우뫼로 38,010-1234-5678,74
2023-05-27,9,서울시 서초구 바우뫼로 38,010-1234-5678,15
2023-05-28,9,서울시 서초구 바우뫼로 38,010-1234-5678,34
2023-05-29,9,서울시 서초구 바우뫼로 38,010-1234-5678,30
2023-05-30,9,서울시 서초구 바우뫼로 38,010-1234-5678,95
2023-05-31,9,서울시 서초구 바우뫼로 38,010-1234-5678,41
2023-06-01,9,서울시 서초구 바우뫼로 38,010-1234-5678,76
2023-06-02,9,서울시 서초구 바우뫼로 38,010-1234-5678,44
2023-06-03,9,서울시 서초구 바우뫼로 38,010-1234-5678,85
2023-06-04,9,서울시 서초구 바우뫼로 38,010-1234-5678,10
2023-06-05,9,서울시 서초구 바우뫼로 38,010-1234-5678,43
2023-06-06,9,서울시 서초구 바우뫼로 38,010-1234-5678,35
2023-06-07,9,서울시 서초구 바우뫼로 38,010-1234-5678,78
2023-06-08,9,서울시 서초구 바우뫼로 38,010-1234-5678,75
2023-06-09,9,서울시 서초구 바우뫼로 38,010-1234-5678,86
2023-06-10,9,서울시 서초구 바우뫼로 38,010-1234-5678,29
2023-06-11,9,서울시 서초구 바우뫼로 38,010-1234-5678,60
2023-06-12,9,서울시 서초구 바우뫼로 38,010-1234-5678,81
2023-06-13,9,서울시 서초구 바우뫼로 38,010-1234-5678,71
2023-06-14,9,서울시 서초구 바우뫼로 38,010-1234-5678,92
2023-06-15,9,서울시 서초구 바우뫼로 38,010-1234-5678,41
2023-06-16,9,서울시 서초구 바우뫼로 38,010-1234-5678,16
2023-06-17,9,서울시 서초구 바우뫼로 38,010-1234-5678,50
2023-06-18,9,서울시 서초구 바우뫼로 38,010-1234-5678,89
2023-06-19,9,서울시 서초구 바우뫼로 38,010-1234-5678,60
2023-06-20,9,서울시 서초구 바우뫼로 38,010-1234-5678,79
2023-06-21,9,서울시 서초구 바우뫼로 38,010-1234-5678,80
2023-06-22,9,서울시 서초구 바우뫼로 38,010-1234-5678,8
2023-06-23,9,서울시 서초구 바우뫼로 38,010-1234-5678,65
2023-06-24,9,서울시 서초구 바우뫼로 38,010-1234-5678,62
2023-06-25,9,서울시 서초구 바우뫼로 38,010-1234-5678,2
2023-06-26,9,서울시 서초구 바우뫼로 38,010-1234-5678,83
2023-06-27,9,서울시 서초구 바우뫼로 38,010-1234-5678,55
2023-06-28,9,서울시 서초구 바우뫼로 38,010-1234-5678,30
2023-06-29,9,서울시 서초구 바우뫼로 38,010-1234-5678,75
2023-06-30,9,서울시 서초구 바우뫼로 38,010-1234-5678,45
